[2026-05-31T09:24:40.000] [DEBUG] debug-file - env: nodejsVersion=v18.20.1
[2026-05-31T09:24:40.119] [DEBUG] debug-file - Hvigor init with startParameters:{
  hvigorfileTypeCheck: false,
  parallelExecution: true,
  incrementalExecution: true,
  printStackTrace: false,
  daemon: false,
  analyze: 0,
  logLevel: Level { level: 20000, levelStr: 'INFO', colour: 'green' },
  optimizationStrategy: 'memory',
  hotCompile: undefined,
  hotReloadBuild: undefined,
  customizedParam: undefined
}
[2026-05-31T09:24:40.666] [DEBUG] debug-file - hvigorfile, require result:  { default: { system: [Function: appTasks], plugins: [] } }
[2026-05-31T09:24:40.666] [DEBUG] debug-file - Starting plugin build process
[2026-05-31T09:24:40.746] [DEBUG] debug-file - App plugin register hook start...
[2026-05-31T09:24:40.747] [DEBUG] debug-file - Start initialize project's product build option map with build mode debug.
[2026-05-31T09:24:40.748] [DEBUG] debug-file - Obtain build option for product 'default'in this build.
[2026-05-31T09:24:40.754] [DEBUG] debug-file - Start recording SDK configuration permission data.
[2026-05-31T09:24:40.775] [DEBUG] debug-file - Project task initialization takes 2 ms 
[2026-05-31T09:24:40.785] [DEBUG] debug-file - Start initialize module-target build option map, moduleName=entry, buildMode=debug
[2026-05-31T09:24:40.788] [DEBUG] debug-file - project has submodules:entry
[2026-05-31T09:24:40.789] [DEBUG] debug-file - start to load updatedOhPackageInfo to the disk
[2026-05-31T09:24:40.792] [DEBUG] debug-file - Start to initialize dependency information.
[2026-05-31T09:24:40.796] [DEBUG] debug-file - entry : clean cost memory 0.1036376953125
[2026-05-31T09:24:40.779] [DEBUG] debug-file - failed to load cangjie to dynamically generate schemas: Error: Cannot find module '@ohos/cangjie-build-support/index'
Require stack:
- /Applications/DevEco-Studio.app/Contents/tools/hvigor/hvigor-ohos-plugin/src/plugin/hooks/cangjie-register.js
- /Applications/DevEco-Studio.app/Contents/tools/hvigor/hvigor-ohos-plugin/src/plugin/strategy/stage-init-strategy.js
- /Applications/DevEco-Studio.app/Contents/tools/hvigor/hvigor-ohos-plugin/src/plugin/builder/abstract-plugin-builder.js
- /Applications/DevEco-Studio.app/Contents/tools/hvigor/hvigor-ohos-plugin/src/plugin/builder/app-plugin-builder.js
- /Applications/DevEco-Studio.app/Contents/tools/hvigor/hvigor-ohos-plugin/src/plugin/factory/plugin-factory.js
- /Applications/DevEco-Studio.app/Contents/tools/hvigor/hvigor-ohos-plugin/index.js
- /Users/wangboyang/Documents/ai_interview_success/hvigorfile.ts
- /Applications/DevEco-Studio.app/Contents/tools/hvigor/hvigor/src/base/internal/lifecycle/configuration.js
- /Applications/DevEco-Studio.app/Contents/tools/hvigor/hvigor/src/base/boot/index.js
- /Applications/DevEco-Studio.app/Contents/tools/hvigor/hvigor/src/cli/main/cli.js
- /Applications/DevEco-Studio.app/Contents/tools/hvigor/hvigor/bin/hvigor.js
[2026-05-31T09:24:40.000] [DEBUG] debug-file - env: hvigor-config.json5 content = {
  modelVersion: '6.1.0',
  dependencies: {},
  execution: {},
  logging: {},
  debugging: {},
  nodeOptions: {}
}
[2026-05-31T09:24:40.120] [DEBUG] debug-file - Since current hvigor version 6.24.2 differs from last hvigor version 
      undefined, delete file-cache.json and task-cache.json.
[2026-05-31T09:24:40.666] [DEBUG] debug-file - hvigorfile, binding system plugins [Function: appTasks]
[2026-05-31T09:24:40.666] [DEBUG] debug-file - App plugin prepare start...
[2026-05-31T09:24:40.746] [DEBUG] debug-file - App plugin register hook end...
[2026-05-31T09:24:40.747] [DEBUG] debug-file - Picking option from product 'default' with build mode 'debug'.
[2026-05-31T09:24:40.802] [DEBUG] debug-file - Create  resident worker with id: 0.
[2026-05-31T09:24:40.752] [DEBUG] debug-file - /Users/wangboyang/Documents/ai_interview_success/build/cache/default/remote_hsp/remoteHspCache.json not exists.
[2026-05-31T09:24:40.772] [DEBUG] debug-file - Sdk init in 21 ms 
[2026-05-31T09:24:40.775] [DEBUG] debug-file - hvigorfile, begin to bind custom plugins...
[2026-05-31T09:24:40.785] [DEBUG] debug-file - Target 'default' config initialized
[2026-05-31T09:24:40.793] [DEBUG] debug-file - Module entry Collected Dependency: /Users/wangboyang/Documents/ai_interview_success/oh_modules/.ohpm/@ohos+axios@2.2.10/oh_modules/@ohos/axios
[2026-05-31T09:24:40.796] [DEBUG] debug-file - runTaskFromQueue task cost before running: 679 ms 
[2026-05-31T09:24:40.789] [DEBUG] debug-file - load to the disk finished
[2026-05-31T09:24:40.001] [DEBUG] debug-file - env: daemon=false
[2026-05-31T09:24:40.120] [DEBUG] debug-file - Cache service initialization finished in 1 ms 
[2026-05-31T09:24:40.666] [DEBUG] debug-file - App plugin prepare end...
[2026-05-31T09:24:40.746] [DEBUG] debug-file - Plugin build process completed
[2026-05-31T09:24:40.747] [DEBUG] debug-file - Product 'default' build option initialized
[2026-05-31T09:24:40.803] [DEBUG] debug-file - Create  resident worker with id: 1.
[2026-05-31T09:24:40.752] [DEBUG] debug-file - Local scan or download HarmonyOS sdk components toolchains,ets,js,native,previewer
[2026-05-31T09:24:40.775] [DEBUG] debug-file - hvigorfile, no custom plugins were found in /Users/wangboyang/Documents/ai_interview_success/hvigorfile.ts
[2026-05-31T09:24:40.785] [DEBUG] debug-file - Target 'ohosTest' config initialized
[2026-05-31T09:24:40.793] [DEBUG] debug-file - Module entry's total dependency: 1
[2026-05-31T09:24:40.796] [INFO] debug-file - Finished :entry:clean... after 1 ms 
[2026-05-31T09:24:40.790] [DEBUG] debug-file - Start to initialize dependency information.
[2026-05-31T09:24:40.001] [DEBUG] debug-file - no-daemon, use the parent process.execArgv --max-old-space-size=8192,--max-semi-space-size=16,--expose-gc
[2026-05-31T09:24:40.120] [DEBUG] debug-file - hvigorfile, resolving /Users/wangboyang/Documents/ai_interview_success/hvigorfile.ts
[2026-05-31T09:24:40.666] [DEBUG] debug-file - App plugin creating...
[2026-05-31T09:24:40.747] [DEBUG] debug-file - End initialize project's product build option map with build mode 'debug'.
[2026-05-31T09:24:40.804] [DEBUG] debug-file - Current worker pool is stopped or closed.
[2026-05-31T09:24:40.753] [DEBUG] debug-file - Local scan or download hmscore sdk components toolchains,ets,native
[2026-05-31T09:24:40.775] [DEBUG] debug-file - hvigorfile, resolve finished /Users/wangboyang/Documents/ai_interview_success/hvigorfile.ts
[2026-05-31T09:24:40.785] [DEBUG] debug-file - Module 'entry' target 'default' build option initialized
[2026-05-31T09:24:40.794] [DEBUG] debug-file - Configuration phase cost:675 ms 
[2026-05-31T09:24:40.796] [DEBUG] debug-file - Executing task ::clean
[2026-05-31T09:24:40.792] [DEBUG] debug-file - Module ai_interview_success Collected Dependency: /Users/wangboyang/Documents/ai_interview_success/oh_modules/.ohpm/@ohos+axios@2.2.10/oh_modules/@ohos/axios
[2026-05-31T09:24:40.804] [DEBUG] debug-file - Clear worker 0.
[2026-05-31T09:24:40.775] [DEBUG] debug-file - hvigorfile, resolving /Users/wangboyang/Documents/ai_interview_success/entry/hvigorfile.ts
[2026-05-31T09:24:40.785] [DEBUG] debug-file - Module 'entry' target 'ohosTest' build option initialized
[2026-05-31T09:24:40.795] [DEBUG] debug-file - Configuration task cost before running: 678 ms 
[2026-05-31T09:24:40.796] [DEBUG] debug-file - clean: Worker pool is inactive.
[2026-05-31T09:24:40.792] [DEBUG] debug-file - Module ai_interview_success's total dependency: 1
[2026-05-31T09:24:40.804] [DEBUG] debug-file - Worker 0 has been cleared.
[2026-05-31T09:24:40.778] [DEBUG] debug-file - hvigorfile, require result:  { default: { system: [Function: hapTasks], plugins: [] } }
[2026-05-31T09:24:40.786] [DEBUG] debug-file - End initialize module-target build option map, moduleName=entry
[2026-05-31T09:24:40.795] [DEBUG] debug-file - Executing task :entry:clean
[2026-05-31T09:24:40.796] [DEBUG] debug-file - ai_interview_success : clean cost memory 0.01967620849609375
[2026-05-31T09:24:40.804] [DEBUG] debug-file - Current idle worker size: 1.
[2026-05-31T09:24:40.778] [DEBUG] debug-file - hvigorfile, binding system plugins [Function: hapTasks]
[2026-05-31T09:24:40.786] [DEBUG] debug-file - Start initialize module-target build option map, moduleName=entry, buildMode=release
[2026-05-31T09:24:40.795] [DEBUG] debug-file - clean: Worker pool is inactive.
[2026-05-31T09:24:40.796] [DEBUG] debug-file - runTaskFromQueue task cost before running: 680 ms 
[2026-05-31T09:24:40.804] [DEBUG] debug-file - Current busy worker size: 0.
[2026-05-31T09:24:40.778] [DEBUG] debug-file - Starting plugin build process
[2026-05-31T09:24:40.786] [DEBUG] debug-file - Target 'default' config initialized
[2026-05-31T09:24:40.796] [INFO] debug-file - Finished ::clean... after 1 ms 
[2026-05-31T09:24:40.804] [DEBUG] debug-file - Clear worker 1.
[2026-05-31T09:24:40.778] [DEBUG] debug-file - Hap plugin creating...
[2026-05-31T09:24:40.786] [DEBUG] debug-file - Target 'ohosTest' config initialized
[2026-05-31T09:24:40.796] [DEBUG] debug-file - Executing task :entry:init
[2026-05-31T09:24:40.804] [DEBUG] debug-file - Worker 1 has been cleared.
[2026-05-31T09:24:40.786] [DEBUG] debug-file - Module 'entry' target 'default' build option initialized
[2026-05-31T09:24:40.796] [DEBUG] debug-file - entry : init cost memory 0.0126953125
[2026-05-31T09:24:40.804] [DEBUG] debug-file - Current idle worker size: 0.
[2026-05-31T09:24:40.786] [DEBUG] debug-file - Module 'entry' target 'ohosTest' build option initialized
[2026-05-31T09:24:40.796] [DEBUG] debug-file - runTaskFromQueue task cost before running: 680 ms 
[2026-05-31T09:24:40.804] [DEBUG] debug-file - Current busy worker size: 0.
[2026-05-31T09:24:40.786] [DEBUG] debug-file - End initialize module-target build option map, moduleName=entry
[2026-05-31T09:24:40.796] [INFO] debug-file - Finished :entry:init... after 1 ms 
[2026-05-31T09:24:40.804] [DEBUG] debug-file - hvigor build process will be closed.
[2026-05-31T09:24:40.786] [DEBUG] debug-file - Start initialize module-target build option map, moduleName=entry, buildMode=debug
[2026-05-31T09:24:40.796] [DEBUG] debug-file - Executing task ::init
[2026-05-31T09:24:40.807] [DEBUG] debug-file - worker[0] exits with exit code 0.
[2026-05-31T09:24:40.786] [DEBUG] debug-file - Target 'default' config initialized
[2026-05-31T09:24:40.796] [DEBUG] debug-file - ai_interview_success : init cost memory 0.0118408203125
[2026-05-31T09:24:40.807] [DEBUG] debug-file - worker[1] exits with exit code 0.
[2026-05-31T09:24:40.786] [DEBUG] debug-file - Target 'ohosTest' config initialized
[2026-05-31T09:24:40.796] [DEBUG] debug-file - runTaskFromQueue task cost before running: 680 ms 
[2026-05-31T09:24:40.807] [DEBUG] debug-file - Current worker pool is terminated.
[2026-05-31T09:24:40.786] [DEBUG] debug-file - Module 'entry' target 'default' build option initialized
[2026-05-31T09:24:40.797] [INFO] debug-file - Finished ::init... after 1 ms 
[2026-05-31T09:24:40.786] [DEBUG] debug-file - Module 'entry' target 'ohosTest' build option initialized
[2026-05-31T09:24:40.797] [DEBUG] debug-file - Obtain build option for module 'entry' target 'default'in this build.
[2026-05-31T09:24:40.786] [DEBUG] debug-file - End initialize module-target build option map, moduleName=entry
[2026-05-31T09:24:40.797] [DEBUG] debug-file - Obtain build option for module 'entry' target 'ohosTest'in this build.
[2026-05-31T09:24:40.786] [DEBUG] debug-file - Obtain build option for module 'entry' target 'default'in this build.
[2026-05-31T09:24:40.801] [DEBUG] debug-file - Since there is no instance or instance is terminated, create a new worker pool.
[2026-05-31T09:24:40.788] [DEBUG] debug-file - Module entry task initialization takes 2 ms 
[2026-05-31T09:24:40.801] [DEBUG] debug-file - Worker pool is initialized with config:  {
  minPoolNum: 2,
  maxPoolNum: undefined,
  maxCoreSize: undefined,
  cacheCapacity: undefined,
  cacheTtl: undefined
}
[2026-05-31T09:24:40.788] [DEBUG] debug-file - Hap plugin register hook start...
[2026-05-31T09:24:40.788] [DEBUG] debug-file - Hap plugin register hook end...
[2026-05-31T09:24:40.788] [DEBUG] debug-file - Plugin build process completed
[2026-05-31T09:24:40.788] [DEBUG] debug-file - hvigorfile, begin to bind custom plugins...
[2026-05-31T09:24:40.788] [DEBUG] debug-file - hvigorfile, no custom plugins were found in /Users/wangboyang/Documents/ai_interview_success/entry/hvigorfile.ts
[2026-05-31T09:24:40.788] [DEBUG] debug-file - hvigorfile, resolve finished /Users/wangboyang/Documents/ai_interview_success/entry/hvigorfile.ts
[2026-05-31T10:33:19.574] [DEBUG] debug-file - env: nodejsVersion=v18.20.1
[2026-05-31T10:33:19.580] [DEBUG] debug-file - begin to create new key files
[2026-05-31T10:33:19.575] [DEBUG] debug-file - env: hvigor-config.json5 content = {
  modelVersion: '6.1.0',
  dependencies: {},
  execution: {},
  logging: {},
  debugging: {},
  nodeOptions: {}
}
[2026-05-31T10:33:19.588] [DEBUG] debug-file - env: daemon=true
[2026-05-31T10:33:19.770] [DEBUG] debug-file - hvigor java daemon: Starting java daemon. jvmXmxValue=512m, jarPath=/Applications/DevEco-Studio.app/Contents/tools/hvigor/hvigor/lib/hvigor-java-daemon.jar
[2026-05-31T10:33:19.770] [DEBUG] debug-file - hvigor java daemon: Read cache file, 
    port=undefined, pid=undefined, sessionId exists=false
[2026-05-31T10:33:19.770] [DEBUG] debug-file - hvigor java daemon: Killing existing java daemon by grep
[2026-05-31T10:33:19.796] [DEBUG] debug-file - hvigor java daemon: No valid cache info, will start new daemon
[2026-05-31T10:33:19.801] [DEBUG] debug-file - java daemon started at port 45050 pid 20589
[2026-05-31T10:33:19.815] [DEBUG] debug-file - session manager: set active socket. socketId=GJM9Gi6aomc5opaPAAAB
[2026-05-31T10:33:19.978] [DEBUG] debug-file - watch worker: worker id should be larger than 0. Nothing will be sent to any worker thread.
[2026-05-31T10:33:19.981] [DEBUG] debug-file - Since there is no instance or instance is terminated, create a new worker pool.
[2026-05-31T10:33:19.981] [DEBUG] debug-file - Worker pool is initialized with config:  {
  minPoolNum: 2,
  maxPoolNum: undefined,
  maxCoreSize: undefined,
  cacheCapacity: undefined,
  cacheTtl: undefined
}
[2026-05-31T10:33:19.982] [DEBUG] debug-file - Create  resident worker with id: 0.
[2026-05-31T10:33:19.982] [DEBUG] debug-file - Create  resident worker with id: 1.
[2026-05-31T10:33:19.983] [DEBUG] debug-file - Workers' log level updated to INFO
[2026-05-31T10:33:19.986] [DEBUG] debug-file - Hvigor init with startParameters:{
  hvigorfileTypeCheck: false,
  parallelExecution: true,
  incrementalExecution: true,
  printStackTrace: false,
  daemon: true,
  analyze: 0,
  logLevel: Level { level: 20000, levelStr: 'INFO', colour: 'green' },
  optimizationStrategy: 'memory',
  hotCompile: undefined,
  hotReloadBuild: undefined,
  customizedParam: undefined
}
[2026-05-31T10:33:19.987] [DEBUG] debug-file - Cache service initialization finished in 1 ms 
[2026-05-31T10:33:19.987] [DEBUG] debug-file - hvigorfile, resolving /Users/wangboyang/Documents/ai_interview_success/hvigorfile.ts
[2026-05-31T10:33:20.527] [DEBUG] debug-file - hvigorfile, require result:  { default: { plugins: [] } }
[2026-05-31T10:33:20.527] [DEBUG] debug-file - hvigorfile, binding system plugins null
[2026-05-31T10:33:20.527] [DEBUG] debug-file - Starting plugin build process
[2026-05-31T10:33:20.527] [DEBUG] debug-file - App plugin prepare start...
[2026-05-31T10:33:20.527] [DEBUG] debug-file - App plugin prepare end...
[2026-05-31T10:33:20.527] [DEBUG] debug-file - App plugin creating...
[2026-05-31T10:33:20.608] [DEBUG] debug-file - App plugin register hook start...
[2026-05-31T10:33:20.608] [DEBUG] debug-file - App plugin register hook end...
[2026-05-31T10:33:20.608] [DEBUG] debug-file - Plugin build process completed
[2026-05-31T10:33:20.609] [DEBUG] debug-file - Start initialize project's product build option map with build mode debug.
[2026-05-31T10:33:20.609] [DEBUG] debug-file - Picking option from product 'default' with build mode 'debug'.
[2026-05-31T10:33:20.609] [DEBUG] debug-file - Product 'default' build option initialized
[2026-05-31T10:33:20.609] [DEBUG] debug-file - End initialize project's product build option map with build mode 'debug'.
[2026-05-31T10:33:20.610] [DEBUG] debug-file - Obtain build option for product 'default'in this build.
[2026-05-31T10:33:20.614] [DEBUG] debug-file - /Users/wangboyang/Documents/ai_interview_success/build/cache/default/remote_hsp/remoteHspCache.json not exists.
[2026-05-31T10:33:20.615] [DEBUG] debug-file - Local scan or download HarmonyOS sdk components toolchains,ets,js,native,previewer
[2026-05-31T10:33:20.616] [DEBUG] debug-file - Local scan or download hmscore sdk components toolchains,ets,native
[2026-05-31T10:33:20.616] [DEBUG] debug-file - Start recording SDK configuration permission data.
[2026-05-31T10:33:20.635] [DEBUG] debug-file - Sdk init in 21 ms 
[2026-05-31T10:33:20.638] [DEBUG] debug-file - Project task initialization takes 2 ms 
[2026-05-31T10:33:20.638] [DEBUG] debug-file - hvigorfile, begin to bind custom plugins...
[2026-05-31T10:33:20.638] [DEBUG] debug-file - hvigorfile, no custom plugins were found in /Users/wangboyang/Documents/ai_interview_success/hvigorfile.ts
[2026-05-31T10:33:20.638] [DEBUG] debug-file - hvigorfile, resolve finished /Users/wangboyang/Documents/ai_interview_success/hvigorfile.ts
[2026-05-31T10:33:20.638] [DEBUG] debug-file - hvigorfile, resolving /Users/wangboyang/Documents/ai_interview_success/entry/hvigorfile.ts
[2026-05-31T10:33:20.641] [DEBUG] debug-file - hvigorfile, require result:  { default: { plugins: [] } }
[2026-05-31T10:33:20.641] [DEBUG] debug-file - hvigorfile, binding system plugins null
[2026-05-31T10:33:20.641] [DEBUG] debug-file - Starting plugin build process
[2026-05-31T10:33:20.641] [DEBUG] debug-file - Hap plugin creating...
[2026-05-31T10:33:20.641] [DEBUG] debug-file - failed to load cangjie to dynamically generate schemas: Error: Cannot find module '@ohos/cangjie-build-support/index'
Require stack:
- /Applications/DevEco-Studio.app/Contents/tools/hvigor/hvigor-ohos-plugin/src/plugin/hooks/cangjie-register.js
- /Applications/DevEco-Studio.app/Contents/tools/hvigor/hvigor-ohos-plugin/src/plugin/strategy/stage-init-strategy.js
- /Applications/DevEco-Studio.app/Contents/tools/hvigor/hvigor-ohos-plugin/src/plugin/builder/abstract-plugin-builder.js
- /Applications/DevEco-Studio.app/Contents/tools/hvigor/hvigor-ohos-plugin/src/plugin/builder/app-plugin-builder.js
- /Applications/DevEco-Studio.app/Contents/tools/hvigor/hvigor-ohos-plugin/src/plugin/factory/plugin-factory.js
- /Applications/DevEco-Studio.app/Contents/tools/hvigor/hvigor-ohos-plugin/index.js
- /Users/wangboyang/Documents/ai_interview_success/hvigorfile.ts
- /Applications/DevEco-Studio.app/Contents/tools/hvigor/hvigor/src/base/internal/lifecycle/configuration.js
- /Applications/DevEco-Studio.app/Contents/tools/hvigor/hvigor/src/base/boot/index.js
- /Applications/DevEco-Studio.app/Contents/tools/hvigor/hvigor/src/base/daemon/cluster/worker-process-lifecycle.js
- /Applications/DevEco-Studio.app/Contents/tools/hvigor/hvigor/src/base/daemon/process/daemon-process-boot-script.js
[2026-05-31T10:33:20.648] [DEBUG] debug-file - Start initialize module-target build option map, moduleName=entry, buildMode=debug
[2026-05-31T10:33:20.648] [DEBUG] debug-file - Target 'default' config initialized
[2026-05-31T10:33:20.649] [DEBUG] debug-file - Target 'ohosTest' config initialized
[2026-05-31T10:33:20.649] [DEBUG] debug-file - Module 'entry' target 'default' build option initialized
[2026-05-31T10:33:20.649] [DEBUG] debug-file - Module 'entry' target 'ohosTest' build option initialized
[2026-05-31T10:33:20.649] [DEBUG] debug-file - End initialize module-target build option map, moduleName=entry
[2026-05-31T10:33:20.649] [DEBUG] debug-file - Start initialize module-target build option map, moduleName=entry, buildMode=release
[2026-05-31T10:33:20.649] [DEBUG] debug-file - Target 'default' config initialized
[2026-05-31T10:33:20.649] [DEBUG] debug-file - Target 'ohosTest' config initialized
[2026-05-31T10:33:20.649] [DEBUG] debug-file - Module 'entry' target 'default' build option initialized
[2026-05-31T10:33:20.649] [DEBUG] debug-file - Module 'entry' target 'ohosTest' build option initialized
[2026-05-31T10:33:20.649] [DEBUG] debug-file - End initialize module-target build option map, moduleName=entry
[2026-05-31T10:33:20.649] [DEBUG] debug-file - Start initialize module-target build option map, moduleName=entry, buildMode=debug
[2026-05-31T10:33:20.649] [DEBUG] debug-file - Target 'default' config initialized
[2026-05-31T10:33:20.650] [DEBUG] debug-file - Target 'ohosTest' config initialized
[2026-05-31T10:33:20.650] [DEBUG] debug-file - Module 'entry' target 'default' build option initialized
[2026-05-31T10:33:20.650] [DEBUG] debug-file - Module 'entry' target 'ohosTest' build option initialized
[2026-05-31T10:33:20.650] [DEBUG] debug-file - End initialize module-target build option map, moduleName=entry
[2026-05-31T10:33:20.650] [DEBUG] debug-file - Obtain build option for module 'entry' target 'default'in this build.
[2026-05-31T10:33:20.652] [DEBUG] debug-file - Module entry task initialization takes 2 ms 
[2026-05-31T10:33:20.652] [DEBUG] debug-file - Hap plugin register hook start...
[2026-05-31T10:33:20.652] [DEBUG] debug-file - Hap plugin register hook end...
[2026-05-31T10:33:20.652] [DEBUG] debug-file - Plugin build process completed
[2026-05-31T10:33:20.652] [DEBUG] debug-file - hvigorfile, begin to bind custom plugins...
[2026-05-31T10:33:20.652] [DEBUG] debug-file - hvigorfile, no custom plugins were found in /Users/wangboyang/Documents/ai_interview_success/entry/hvigorfile.ts
[2026-05-31T10:33:20.652] [DEBUG] debug-file - hvigorfile, resolve finished /Users/wangboyang/Documents/ai_interview_success/entry/hvigorfile.ts
[2026-05-31T10:33:20.689] [DEBUG] debug-file - hvigorfile, resolve hvigorfile dependencies in 37 ms 
[2026-05-31T10:33:20.689] [DEBUG] debug-file - project has submodules:entry
[2026-05-31T10:33:20.692] [DEBUG] debug-file - start to load updatedOhPackageInfo to the disk
[2026-05-31T10:33:20.693] [DEBUG] debug-file - load to the disk finished
[2026-05-31T10:33:20.693] [DEBUG] debug-file - Start to initialize dependency information.
[2026-05-31T10:33:20.698] [DEBUG] debug-file - Module ai_interview_success Collected Dependency: /Users/wangboyang/Documents/ai_interview_success/oh_modules/.ohpm/@ohos+axios@2.2.10/oh_modules/@ohos/axios
[2026-05-31T10:33:20.698] [DEBUG] debug-file - Module ai_interview_success's total dependency: 1
[2026-05-31T10:33:20.698] [DEBUG] debug-file - Start to initialize dependency information.
[2026-05-31T10:33:20.699] [DEBUG] debug-file - Module entry Collected Dependency: /Users/wangboyang/Documents/ai_interview_success/oh_modules/.ohpm/@ohos+axios@2.2.10/oh_modules/@ohos/axios
[2026-05-31T10:33:20.699] [DEBUG] debug-file - Module entry's total dependency: 1
[2026-05-31T10:33:20.700] [DEBUG] debug-file - Configuration phase cost:714 ms 
[2026-05-31T10:33:20.701] [DEBUG] debug-file - Configuration task cost before running: 718 ms 
[2026-05-31T10:33:20.701] [DEBUG] debug-file - Executing task :entry:init
[2026-05-31T10:33:20.701] [DEBUG] debug-file - entry : init cost memory 0.0165252685546875
[2026-05-31T10:33:20.701] [DEBUG] debug-file - runTaskFromQueue task cost before running: 718 ms 
[2026-05-31T10:33:20.702] [INFO] debug-file - Finished :entry:init... after 1 ms 
[2026-05-31T10:33:20.702] [DEBUG] debug-file - Executing task ::init
[2026-05-31T10:33:20.702] [DEBUG] debug-file - ai_interview_success : init cost memory 0.014190673828125
[2026-05-31T10:33:20.702] [DEBUG] debug-file - runTaskFromQueue task cost before running: 719 ms 
[2026-05-31T10:33:20.702] [INFO] debug-file - Finished ::init... after 1 ms 
[2026-05-31T10:33:20.702] [DEBUG] debug-file - Obtain build option for module 'entry' target 'default'in this build.
[2026-05-31T10:33:20.702] [DEBUG] debug-file - Obtain build option for module 'entry' target 'ohosTest'in this build.
[2026-05-31T10:33:20.704] [DEBUG] debug-file - Cleanup worker 0.
[2026-05-31T10:33:20.704] [DEBUG] debug-file - Worker 0 has been cleaned up.
[2026-05-31T10:33:20.704] [DEBUG] debug-file - Current idle worker size: 1.
[2026-05-31T10:33:20.704] [DEBUG] debug-file - Current resident worker size: 2.
[2026-05-31T10:33:20.704] [DEBUG] debug-file - Cleanup worker 1.
[2026-05-31T10:33:20.704] [DEBUG] debug-file - Worker 1 has been cleaned up.
[2026-05-31T10:33:20.704] [DEBUG] debug-file - Current idle worker size: 0.
[2026-05-31T10:33:20.704] [DEBUG] debug-file - Current resident worker size: 2.
[2026-05-31T10:33:20.704] [DEBUG] debug-file - hvigor build process will be closed.
[2026-05-31T10:33:20.755] [DEBUG] debug-file - worker[0] exits with exit code 1.
[2026-05-31T10:33:20.756] [DEBUG] debug-file - worker[1] exits with exit code 1.
[2026-05-31T10:33:20.765] [DEBUG] debug-file - session manager: send message to worker process.
[2026-05-31T10:33:20.765] [DEBUG] debug-file - session manager: send message to worker process.
[2026-05-31T10:33:20.765] [DEBUG] debug-file - watch worker: worker id should be larger than 0. Nothing will be sent to any worker thread.
[2026-05-31T10:33:20.766] [DEBUG] debug-file - watch worker: worker id should be larger than 0. Nothing will be sent to any worker thread.
[2026-05-31T10:33:44.918] [DEBUG] debug-file - session manager: set active socket. socketId=-ETxFZgrRu-I1KKJAAAD
[2026-05-31T10:33:44.919] [DEBUG] debug-file - watch worker: worker id should be larger than 0. Nothing will be sent to any worker thread.
[2026-05-31T10:33:44.921] [DEBUG] debug-file - Workers' log level updated to INFO
[2026-05-31T10:33:44.922] [DEBUG] debug-file - Hvigor init with startParameters:{
  hvigorfileTypeCheck: false,
  parallelExecution: true,
  incrementalExecution: true,
  printStackTrace: false,
  daemon: true,
  analyze: 0,
  logLevel: Level { level: 20000, levelStr: 'INFO', colour: 'green' },
  optimizationStrategy: 'memory',
  hotCompile: undefined,
  hotReloadBuild: undefined,
  customizedParam: undefined
}
[2026-05-31T10:33:44.922] [DEBUG] debug-file - Cache service initialization finished in 1 ms 
[2026-05-31T10:33:44.922] [DEBUG] debug-file - hvigorfile, resolving /Users/wangboyang/Documents/ai_interview_success/hvigorfile.ts
[2026-05-31T10:33:44.925] [DEBUG] debug-file - hvigorfile, require result:  { default: { plugins: [] } }
[2026-05-31T10:33:44.925] [DEBUG] debug-file - hvigorfile, binding system plugins null
[2026-05-31T10:33:44.925] [DEBUG] debug-file - Starting plugin build process
[2026-05-31T10:33:44.925] [DEBUG] debug-file - App plugin prepare start...
[2026-05-31T10:33:44.925] [DEBUG] debug-file - App plugin prepare end...
[2026-05-31T10:33:44.926] [DEBUG] debug-file - App plugin creating...
[2026-05-31T10:33:44.927] [DEBUG] debug-file - App plugin register hook start...
[2026-05-31T10:33:44.927] [DEBUG] debug-file - App plugin register hook end...
[2026-05-31T10:33:44.927] [DEBUG] debug-file - Plugin build process completed
[2026-05-31T10:33:44.928] [DEBUG] debug-file - Start initialize project's product build option map with build mode debug.
[2026-05-31T10:33:44.928] [DEBUG] debug-file - Picking option from product 'default' with build mode 'debug'.
[2026-05-31T10:33:44.928] [DEBUG] debug-file - Product 'default' build option initialized
[2026-05-31T10:33:44.928] [DEBUG] debug-file - End initialize project's product build option map with build mode 'debug'.
[2026-05-31T10:33:44.928] [DEBUG] debug-file - Obtain build option for product 'default'in this build.
[2026-05-31T10:33:44.929] [DEBUG] debug-file - /Users/wangboyang/Documents/ai_interview_success/build/cache/default/remote_hsp/remoteHspCache.json not exists.
[2026-05-31T10:33:44.930] [DEBUG] debug-file - Start recording SDK configuration permission data.
[2026-05-31T10:33:44.946] [DEBUG] debug-file - Sdk init in 17 ms 
[2026-05-31T10:33:44.947] [DEBUG] debug-file - Project task initialization takes 2 ms 
[2026-05-31T10:33:44.947] [DEBUG] debug-file - hvigorfile, begin to bind custom plugins...
[2026-05-31T10:33:44.947] [DEBUG] debug-file - hvigorfile, no custom plugins were found in /Users/wangboyang/Documents/ai_interview_success/hvigorfile.ts
[2026-05-31T10:33:44.947] [DEBUG] debug-file - hvigorfile, resolve finished /Users/wangboyang/Documents/ai_interview_success/hvigorfile.ts
[2026-05-31T10:33:44.947] [DEBUG] debug-file - hvigorfile, resolving /Users/wangboyang/Documents/ai_interview_success/entry/hvigorfile.ts
[2026-05-31T10:33:44.950] [DEBUG] debug-file - hvigorfile, require result:  { default: { plugins: [] } }
[2026-05-31T10:33:44.950] [DEBUG] debug-file - hvigorfile, binding system plugins null
[2026-05-31T10:33:44.950] [DEBUG] debug-file - Starting plugin build process
[2026-05-31T10:33:44.950] [DEBUG] debug-file - Hap plugin creating...
[2026-05-31T10:33:44.950] [DEBUG] debug-file - failed to load cangjie to dynamically generate schemas: Error: Cannot find module '@ohos/cangjie-build-support/index'
Require stack:
- /Applications/DevEco-Studio.app/Contents/tools/hvigor/hvigor-ohos-plugin/src/plugin/hooks/cangjie-register.js
- /Applications/DevEco-Studio.app/Contents/tools/hvigor/hvigor-ohos-plugin/src/plugin/strategy/stage-init-strategy.js
- /Applications/DevEco-Studio.app/Contents/tools/hvigor/hvigor-ohos-plugin/src/plugin/builder/abstract-plugin-builder.js
- /Applications/DevEco-Studio.app/Contents/tools/hvigor/hvigor-ohos-plugin/src/plugin/builder/app-plugin-builder.js
- /Applications/DevEco-Studio.app/Contents/tools/hvigor/hvigor-ohos-plugin/src/plugin/factory/plugin-factory.js
- /Applications/DevEco-Studio.app/Contents/tools/hvigor/hvigor-ohos-plugin/index.js
- /Users/wangboyang/Documents/ai_interview_success/hvigorfile.ts
- /Applications/DevEco-Studio.app/Contents/tools/hvigor/hvigor/src/base/internal/lifecycle/configuration.js
- /Applications/DevEco-Studio.app/Contents/tools/hvigor/hvigor/src/base/boot/index.js
- /Applications/DevEco-Studio.app/Contents/tools/hvigor/hvigor/src/base/daemon/cluster/worker-process-lifecycle.js
- /Applications/DevEco-Studio.app/Contents/tools/hvigor/hvigor/src/base/daemon/process/daemon-process-boot-script.js
[2026-05-31T10:33:44.952] [DEBUG] debug-file - Start initialize module-target build option map, moduleName=entry, buildMode=debug
[2026-05-31T10:33:44.952] [DEBUG] debug-file - Target 'default' config initialized
[2026-05-31T10:33:44.952] [DEBUG] debug-file - Target 'ohosTest' config initialized
[2026-05-31T10:33:44.952] [DEBUG] debug-file - Module 'entry' target 'default' build option initialized
[2026-05-31T10:33:44.952] [DEBUG] debug-file - Module 'entry' target 'ohosTest' build option initialized
[2026-05-31T10:33:44.952] [DEBUG] debug-file - End initialize module-target build option map, moduleName=entry
[2026-05-31T10:33:44.952] [DEBUG] debug-file - Start initialize module-target build option map, moduleName=entry, buildMode=release
[2026-05-31T10:33:44.952] [DEBUG] debug-file - Target 'default' config initialized
[2026-05-31T10:33:44.953] [DEBUG] debug-file - Target 'ohosTest' config initialized
[2026-05-31T10:33:44.953] [DEBUG] debug-file - Module 'entry' target 'default' build option initialized
[2026-05-31T10:33:44.953] [DEBUG] debug-file - Module 'entry' target 'ohosTest' build option initialized
[2026-05-31T10:33:44.953] [DEBUG] debug-file - End initialize module-target build option map, moduleName=entry
[2026-05-31T10:33:44.953] [DEBUG] debug-file - Start initialize module-target build option map, moduleName=entry, buildMode=debug
[2026-05-31T10:33:44.953] [DEBUG] debug-file - Target 'default' config initialized
[2026-05-31T10:33:44.953] [DEBUG] debug-file - Target 'ohosTest' config initialized
[2026-05-31T10:33:44.953] [DEBUG] debug-file - Module 'entry' target 'default' build option initialized
[2026-05-31T10:33:44.953] [DEBUG] debug-file - Module 'entry' target 'ohosTest' build option initialized
[2026-05-31T10:33:44.953] [DEBUG] debug-file - End initialize module-target build option map, moduleName=entry
[2026-05-31T10:33:44.953] [DEBUG] debug-file - Obtain build option for module 'entry' target 'default'in this build.
[2026-05-31T10:33:44.954] [DEBUG] debug-file - Module entry task initialization takes 1 ms 
[2026-05-31T10:33:44.954] [DEBUG] debug-file - Hap plugin register hook start...
[2026-05-31T10:33:44.954] [DEBUG] debug-file - Hap plugin register hook end...
[2026-05-31T10:33:44.954] [DEBUG] debug-file - Plugin build process completed
[2026-05-31T10:33:44.954] [DEBUG] debug-file - hvigorfile, begin to bind custom plugins...
[2026-05-31T10:33:44.954] [DEBUG] debug-file - hvigorfile, no custom plugins were found in /Users/wangboyang/Documents/ai_interview_success/entry/hvigorfile.ts
[2026-05-31T10:33:44.954] [DEBUG] debug-file - hvigorfile, resolve finished /Users/wangboyang/Documents/ai_interview_success/entry/hvigorfile.ts
[2026-05-31T10:33:44.989] [DEBUG] debug-file - hvigorfile, resolve hvigorfile dependencies in 35 ms 
[2026-05-31T10:33:44.989] [DEBUG] debug-file - project has submodules:entry
[2026-05-31T10:33:44.989] [DEBUG] debug-file - start to load updatedOhPackageInfo to the disk
[2026-05-31T10:33:44.990] [DEBUG] debug-file - load to the disk finished
[2026-05-31T10:33:44.990] [DEBUG] debug-file - Start to initialize dependency information.
[2026-05-31T10:33:44.991] [DEBUG] debug-file - Module ai_interview_success Collected Dependency: /Users/wangboyang/Documents/ai_interview_success/oh_modules/.ohpm/@ohos+axios@2.2.10/oh_modules/@ohos/axios
[2026-05-31T10:33:44.991] [DEBUG] debug-file - Module ai_interview_success's total dependency: 1
[2026-05-31T10:33:44.991] [DEBUG] debug-file - Start to initialize dependency information.
[2026-05-31T10:33:44.991] [DEBUG] debug-file - Module entry Collected Dependency: /Users/wangboyang/Documents/ai_interview_success/oh_modules/.ohpm/@ohos+axios@2.2.10/oh_modules/@ohos/axios
[2026-05-31T10:33:44.991] [DEBUG] debug-file - Module entry's total dependency: 1
[2026-05-31T10:33:44.991] [DEBUG] debug-file - Configuration phase cost:70 ms 
[2026-05-31T10:33:44.992] [DEBUG] debug-file - Configuration task cost before running: 72 ms 
[2026-05-31T10:33:44.994] [DEBUG] debug-file - Executing task :entry:default@PreBuild
[2026-05-31T10:33:44.996] [DEBUG] debug-file - Task 'entry:default@PreBuild' cost while wrapping incremental declarations: 1 ms 
[2026-05-31T10:33:45.087] [DEBUG] debug-file - current product is not Atomic service.
[2026-05-31T10:33:45.087] [DEBUG] debug-file - Use tool [darwin: JAVA_HOME, CLASSPATH]
 [
  {
    JAVA_HOME: '/Applications/DevEco-Studio.app/Contents/jbr/Contents/Home'
  },
  { CLASSPATH: undefined }
]
[2026-05-31T10:33:45.087] [DEBUG] debug-file - Use tool [darwin: NODE_HOME]
 [
  {
    NODE_HOME: '/Applications/DevEco-Studio.app/Contents/tools/node/bin'
  }
]
[2026-05-31T10:33:45.087] [DEBUG] debug-file - entry : default@PreBuild cost memory 11.521873474121094
[2026-05-31T10:33:45.087] [DEBUG] debug-file - runTaskFromQueue task cost before running: 167 ms 
[2026-05-31T10:33:45.088] [INFO] debug-file - Finished :entry:default@PreBuild... after 94 ms 
[2026-05-31T10:33:45.088] [DEBUG] debug-file - Executing task :entry:default@CreateModuleInfo
[2026-05-31T10:33:45.088] [DEBUG] debug-file - Task 'entry:default@CreateModuleInfo' cost while wrapping incremental declarations: 1 ms 
[2026-05-31T10:33:45.088] [DEBUG] debug-file - entry : default@CreateModuleInfo cost memory 0.0455169677734375
[2026-05-31T10:33:45.088] [DEBUG] debug-file - runTaskFromQueue task cost before running: 168 ms 
[2026-05-31T10:33:45.088] [INFO] debug-file - Finished :entry:default@CreateModuleInfo... after 1 ms 
[2026-05-31T10:33:45.089] [DEBUG] debug-file - Executing task :entry:default@GenerateMetadata
[2026-05-31T10:33:45.089] [DEBUG] debug-file - Task 'entry:default@GenerateMetadata' cost while wrapping incremental declarations: 1 ms 
[2026-05-31T10:33:45.090] [DEBUG] debug-file - entry : default@GenerateMetadata cost memory 0.09055328369140625
[2026-05-31T10:33:45.090] [DEBUG] debug-file - runTaskFromQueue task cost before running: 170 ms 
[2026-05-31T10:33:45.090] [INFO] debug-file - Finished :entry:default@GenerateMetadata... after 1 ms 
[2026-05-31T10:33:45.090] [DEBUG] debug-file - Executing task :entry:default@ConfigureCmake
[2026-05-31T10:33:45.090] [DEBUG] debug-file - entry : default@ConfigureCmake cost memory 0.01462554931640625
[2026-05-31T10:33:45.090] [DEBUG] debug-file - runTaskFromQueue task cost before running: 170 ms 
[2026-05-31T10:33:45.091] [INFO] debug-file - Finished :entry:default@ConfigureCmake... after 1 ms 
[2026-05-31T10:33:45.091] [DEBUG] debug-file - Executing task :entry:default@MergeProfile
[2026-05-31T10:33:45.091] [DEBUG] debug-file - Task 'entry:default@MergeProfile' cost while wrapping incremental declarations: 1 ms 
[2026-05-31T10:33:45.091] [DEBUG] debug-file - Change app api release type with 'Release'
[2026-05-31T10:33:45.091] [DEBUG] debug-file - Change app compile API version with '6.1.1.125'
[2026-05-31T10:33:45.091] [DEBUG] debug-file - Change app target API version with '60100023'
[2026-05-31T10:33:45.091] [DEBUG] debug-file - Change app minimum API version with '60100023'
[2026-05-31T10:33:45.091] [DEBUG] debug-file - Use cli appEnvironment
[2026-05-31T10:33:45.093] [DEBUG] debug-file - entry : default@MergeProfile cost memory 0.27054595947265625
[2026-05-31T10:33:45.093] [DEBUG] debug-file - runTaskFromQueue task cost before running: 173 ms 
[2026-05-31T10:33:45.093] [INFO] debug-file - Finished :entry:default@MergeProfile... after 3 ms 
[2026-05-31T10:33:45.094] [DEBUG] debug-file - Executing task :entry:default@CreateBuildProfile
[2026-05-31T10:33:45.094] [DEBUG] debug-file - Task 'entry:default@CreateBuildProfile' cost while wrapping incremental declarations: 1 ms 
[2026-05-31T10:33:45.094] [DEBUG] debug-file - entry : default@CreateBuildProfile cost memory 0.076171875
[2026-05-31T10:33:45.094] [DEBUG] debug-file - runTaskFromQueue task cost before running: 174 ms 
[2026-05-31T10:33:45.094] [INFO] debug-file - Finished :entry:default@CreateBuildProfile... after 1 ms 
[2026-05-31T10:33:45.095] [DEBUG] debug-file - Executing task :entry:default@PreCheckSyscap
[2026-05-31T10:33:45.095] [DEBUG] debug-file - entry : default@PreCheckSyscap cost memory 0.01839447021484375
[2026-05-31T10:33:45.095] [DEBUG] debug-file - runTaskFromQueue task cost before running: 175 ms 
[2026-05-31T10:33:45.095] [INFO] debug-file - Finished :entry:default@PreCheckSyscap... after 1 ms 
[2026-05-31T10:33:45.095] [DEBUG] debug-file - Executing task :entry:default@GeneratePkgContextInfo
[2026-05-31T10:33:45.097] [DEBUG] debug-file - Task 'entry:default@GeneratePkgContextInfo' cost while wrapping incremental declarations: 1 ms 
[2026-05-31T10:33:45.097] [DEBUG] debug-file - entry : default@GeneratePkgContextInfo cost memory 0.32798004150390625
[2026-05-31T10:33:45.097] [DEBUG] debug-file - runTaskFromQueue task cost before running: 177 ms 
[2026-05-31T10:33:45.097] [INFO] debug-file - Finished :entry:default@GeneratePkgContextInfo... after 2 ms 
[2026-05-31T10:33:45.097] [DEBUG] debug-file - Executing task :entry:default@GeneratePkgSdkInfo
[2026-05-31T10:33:45.098] [DEBUG] debug-file - Task 'entry:default@GeneratePkgSdkInfo' cost while wrapping incremental declarations: 1 ms 
[2026-05-31T10:33:45.098] [DEBUG] debug-file - entry : default@GeneratePkgSdkInfo cost memory 0.32747650146484375
[2026-05-31T10:33:45.098] [DEBUG] debug-file - runTaskFromQueue task cost before running: 178 ms 
[2026-05-31T10:33:45.098] [INFO] debug-file - Finished :entry:default@GeneratePkgSdkInfo... after 1 ms 
[2026-05-31T10:33:45.099] [DEBUG] debug-file - Executing task :entry:default@ProcessIntegratedHsp
[2026-05-31T10:33:45.099] [DEBUG] debug-file - entry : default@ProcessIntegratedHsp cost memory 0.03437042236328125
[2026-05-31T10:33:45.099] [DEBUG] debug-file - runTaskFromQueue task cost before running: 178 ms 
[2026-05-31T10:33:45.099] [INFO] debug-file - Finished :entry:default@ProcessIntegratedHsp... after 1 ms 
[2026-05-31T10:33:45.099] [DEBUG] debug-file - Executing task :entry:default@BuildNativeWithCmake
[2026-05-31T10:33:45.099] [DEBUG] debug-file - entry : default@BuildNativeWithCmake cost memory 0.01483154296875
[2026-05-31T10:33:45.099] [DEBUG] debug-file - runTaskFromQueue task cost before running: 179 ms 
[2026-05-31T10:33:45.099] [INFO] debug-file - Finished :entry:default@BuildNativeWithCmake... after 1 ms 
[2026-05-31T10:33:45.099] [DEBUG] debug-file - Executing task :entry:default@MakePackInfo
[2026-05-31T10:33:45.100] [DEBUG] debug-file - Module Pack Info:  {
  summary: {
    app: { bundleName: 'c***i', bundleType: 'app', version: [Object] },
    modules: [ [Object] ]
  },
  packages: [
    {
      deviceType: [Array],
      moduleType: 'entry',
      deliveryWithInstall: true,
      name: 'entry-default'
    }
  ]
}
[2026-05-31T10:33:45.100] [DEBUG] debug-file - entry : default@MakePackInfo cost memory 0.12578582763671875
[2026-05-31T10:33:45.100] [DEBUG] debug-file - runTaskFromQueue task cost before running: 180 ms 
[2026-05-31T10:33:45.100] [INFO] debug-file - Finished :entry:default@MakePackInfo... after 1 ms 
[2026-05-31T10:33:45.101] [DEBUG] debug-file - Executing task :entry:default@SyscapTransform
[2026-05-31T10:33:45.101] [DEBUG] debug-file - File: '/Users/wangboyang/Documents/ai_interview_success/entry/src/main/syscap.json' from 'sysCapJsonPath' is not exists, just ignore.
[2026-05-31T10:33:45.101] [DEBUG] debug-file - Task 'entry:default@SyscapTransform' cost while wrapping incremental declarations: 1 ms 
[2026-05-31T10:33:45.101] [DEBUG] debug-file - entry : default@SyscapTransform cost memory 0.06098175048828125
[2026-05-31T10:33:45.101] [DEBUG] debug-file - runTaskFromQueue task cost before running: 181 ms 
[2026-05-31T10:33:45.101] [INFO] debug-file - Finished :entry:default@SyscapTransform... after 1 ms 
[2026-05-31T10:33:45.101] [DEBUG] debug-file - Executing task :entry:default@ProcessProfile
[2026-05-31T10:33:45.102] [DEBUG] debug-file - Task 'entry:default@ProcessProfile' cost while wrapping incremental declarations: 1 ms 
[2026-05-31T10:33:45.102] [DEBUG] debug-file - [
  '/Applications/DevEco-Studio.app/Contents/tools/node/bin/node',
  '/Applications/DevEco-Studio.app/Contents/sdk/default/openharmony/ets/build-tools/ets-loader/bin/ark/ts2abc.js',
  '--target-api-version',
  '23'
]
[2026-05-31T10:33:45.140] [DEBUG] debug-file - 13.0.1.0
[2026-05-31T10:33:45.141] [DEBUG] debug-file - No need to add fake ui ability because of not in preview process.
[2026-05-31T10:33:45.141] [DEBUG] debug-file - entry : default@ProcessProfile cost memory 0.34554290771484375
[2026-05-31T10:33:45.141] [DEBUG] debug-file - runTaskFromQueue task cost before running: 221 ms 
[2026-05-31T10:33:45.141] [INFO] debug-file - Finished :entry:default@ProcessProfile... after 40 ms 
[2026-05-31T10:33:45.142] [DEBUG] debug-file - Executing task :entry:default@ProcessRouterMap
[2026-05-31T10:33:45.142] [DEBUG] debug-file - entry : default@ProcessRouterMap cost memory 0.11746978759765625
[2026-05-31T10:33:45.142] [DEBUG] debug-file - runTaskFromQueue task cost before running: 222 ms 
[2026-05-31T10:33:45.143] [INFO] debug-file - Finished :entry:default@ProcessRouterMap... after 1 ms 
[2026-05-31T10:33:45.143] [DEBUG] debug-file - Executing task :entry:default@ProcessShareConfig
[2026-05-31T10:33:45.143] [DEBUG] debug-file - entry : default@ProcessShareConfig cost memory 0.092498779296875
[2026-05-31T10:33:45.143] [DEBUG] debug-file - runTaskFromQueue task cost before running: 223 ms 
[2026-05-31T10:33:45.144] [INFO] debug-file - Finished :entry:default@ProcessShareConfig... after 1 ms 
[2026-05-31T10:33:45.144] [DEBUG] debug-file - Executing task :entry:default@ProcessStartupConfig
[2026-05-31T10:33:45.144] [DEBUG] debug-file - Task 'entry:default@ProcessStartupConfig' cost while wrapping incremental declarations: 1 ms 
[2026-05-31T10:33:45.144] [DEBUG] debug-file - entry : default@ProcessStartupConfig cost memory 0.1165618896484375
[2026-05-31T10:33:45.144] [DEBUG] debug-file - runTaskFromQueue task cost before running: 224 ms 
[2026-05-31T10:33:45.144] [INFO] debug-file - Finished :entry:default@ProcessStartupConfig... after 1 ms 
[2026-05-31T10:33:45.145] [DEBUG] debug-file - Executing task :entry:default@BuildNativeWithNinja
[2026-05-31T10:33:45.145] [DEBUG] debug-file - entry : default@BuildNativeWithNinja cost memory 0.0240478515625
[2026-05-31T10:33:45.145] [DEBUG] debug-file - runTaskFromQueue task cost before running: 224 ms 
[2026-05-31T10:33:45.145] [INFO] debug-file - Finished :entry:default@BuildNativeWithNinja... after 1 ms 
[2026-05-31T10:33:45.145] [DEBUG] debug-file - restool module names: entry; moduleName=entry, taskName=default@ProcessResource
[2026-05-31T10:33:45.146] [DEBUG] debug-file - Executing task :entry:default@ProcessResource
[2026-05-31T10:33:45.146] [DEBUG] debug-file - Task 'entry:default@ProcessResource' cost while wrapping incremental declarations: 1 ms 
[2026-05-31T10:33:45.146] [DEBUG] debug-file - entry : default@ProcessResource cost memory 0.12874603271484375
[2026-05-31T10:33:45.146] [DEBUG] debug-file - runTaskFromQueue task cost before running: 226 ms 
[2026-05-31T10:33:45.147] [INFO] debug-file - Finished :entry:default@ProcessResource... after 1 ms 
[2026-05-31T10:33:45.147] [DEBUG] debug-file - Executing task :entry:default@GenerateLoaderJson
[2026-05-31T10:33:45.148] [DEBUG] debug-file - Task 'entry:default@GenerateLoaderJson' cost while wrapping incremental declarations: 1 ms 
[2026-05-31T10:33:45.150] [DEBUG] debug-file - entry : default@GenerateLoaderJson cost memory 0.6804962158203125
[2026-05-31T10:33:45.150] [DEBUG] debug-file - runTaskFromQueue task cost before running: 230 ms 
[2026-05-31T10:33:45.155] [INFO] debug-file - Finished :entry:default@GenerateLoaderJson... after 3 ms 
[2026-05-31T10:33:45.155] [DEBUG] debug-file - Executing task :entry:default@ProcessLibs
[2026-05-31T10:33:45.157] [DEBUG] debug-file - Worker dispatch failed, running processLibs on main thread.
[2026-05-31T10:33:45.157] [DEBUG] debug-file - entry : default@ProcessLibs cost memory 0.35691070556640625
[2026-05-31T10:33:45.157] [DEBUG] debug-file - runTaskFromQueue task cost before running: 237 ms 
[2026-05-31T10:33:45.157] [INFO] debug-file - Finished :entry:default@ProcessLibs... after 3 ms 
[2026-05-31T10:33:45.157] [DEBUG] debug-file - restool module names: entry; moduleName=entry, taskName=default@CompileResource
[2026-05-31T10:33:45.157] [DEBUG] debug-file - Executing task :entry:default@CompileResource
[2026-05-31T10:33:45.169] [DEBUG] debug-file - Use tool [/Applications/DevEco-Studio.app/Contents/sdk/default/openharmony/toolchains/restool]
 [
  '/Applications/DevEco-Studio.app/Contents/sdk/default/openharmony/toolchains/restool',
  '-l',
  '/Users/wangboyang/Documents/ai_interview_success/entry/build/default/intermediates/res/default/resConfig.json'
]
[2026-05-31T10:33:45.169] [DEBUG] debug-file - current process  memoryUsage: {
  rss: 298352640,
  heapTotal: 180617216,
  heapUsed: 143544416,
  external: 3515890,
  arrayBuffers: 1438173
} os memoryUsage :17.729705810546875
[2026-05-31T10:33:45.181] [DEBUG] debug-file - Info: Pack: normal pack mode

[2026-05-31T10:33:45.243] [DEBUG] debug-file - Info: hardware concurrency count is : 12
Info: thread count is : 12

[2026-05-31T10:33:45.243] [DEBUG] debug-file - Info: thread pool is started

[2026-05-31T10:33:45.244] [DEBUG] debug-file - Info: GenericCompiler::CompileFiles

[2026-05-31T10:33:45.247] [DEBUG] debug-file - Info: GenericCompiler::CompileFiles

[2026-05-31T10:33:45.247] [DEBUG] debug-file - Warning: '/Users/wangboyang/Documents/ai_interview_success/entry/src/main/resources/base/media/background.png' is defined repeatedly.

[2026-05-31T10:33:45.248] [DEBUG] debug-file - Warning: '/Users/wangboyang/Documents/ai_interview_success/entry/src/main/resources/base/media/foreground.png' is defined repeatedly.

[2026-05-31T10:33:45.251] [DEBUG] debug-file - Warning: '/Users/wangboyang/Documents/ai_interview_success/entry/src/main/resources/base/media/layered_image.json' is defined repeatedly.

[2026-05-31T10:33:45.251] [DEBUG] debug-file - Warning: '/Users/wangboyang/Documents/ai_interview_success/entry/src/main/resources/base/media/startIcon.png' is defined repeatedly.

[2026-05-31T10:33:45.256] [DEBUG] debug-file - Info: GenericCompiler::CompileFiles

[2026-05-31T10:33:45.258] [DEBUG] debug-file - Info: can't scale media json file.

[2026-05-31T10:33:45.259] [DEBUG] debug-file - 05-31 10:33:45.259 20712 149331 E C01400/ImageTranscoderUtils: DecodeToRGBA IN
05-31 10:33:45.259 20712 149331 E C01400/ImageTranscoderUtils: ImageFilter IN /Users/wangboyang/Documents/ai_interview_success/AppScope/resources/base/media/startIcon.png

[2026-05-31T10:33:45.261] [DEBUG] debug-file - 05-31 10:33:45.261 20712 149331 E C01400/ImageTranscoder: TranscodeSLR Only zoom-out is supported.

[2026-05-31T10:33:45.261] [DEBUG] debug-file - Warning: ScaleImage failed, error message: INVALID_PARAMETERS, file path = /Users/wangboyang/Documents/ai_interview_success/AppScope/resources/base/media/startIcon.png

[2026-05-31T10:33:45.261] [DEBUG] debug-file - Warning: /Users/wangboyang/Documents/ai_interview_success/AppScope/resources/base/media/layered_image.json is not png format

[2026-05-31T10:33:45.261] [DEBUG] debug-file - Warning: The width or height of the png file referenced by the icon exceeds the limit (41 pixels)
at /Users/wangboyang/Documents/ai_interview_success/AppScope/resources/base/media/startIcon.png

[2026-05-31T10:33:45.261] [DEBUG] debug-file - Warning: The width or height of the png file referenced by the startWindowIcon exceeds the limit (144 pixels)
at /Users/wangboyang/Documents/ai_interview_success/AppScope/resources/base/media/startIcon.png

[2026-05-31T10:33:45.262] [DEBUG] debug-file - Info: restool resources compile success.

[2026-05-31T10:33:45.262] [DEBUG] debug-file - Info: thread pool is stopped

[2026-05-31T10:33:45.264] [WARN] debug-file - Warning: 'page_show' conflict, first declared.
at /Users/wangboyang/Documents/ai_interview_success/oh_modules/.ohpm/@ohos+axios@2.2.10/oh_modules/@ohos/axios/src/main/resources/base/element/string.json
but declared again.
at /Users/wangboyang/Documents/ai_interview_success/entry/build/default/intermediates/res/default/resource_str/base/element/string.json
Warning: 'page_show' conflict, first declared.
at /Users/wangboyang/Documents/ai_interview_success/oh_modules/.ohpm/@ohos+axios@2.2.10/oh_modules/@ohos/axios/src/main/resources/en_US/element/string.json
but declared again.
at /Users/wangboyang/Documents/ai_interview_success/entry/build/default/intermediates/res/default/resource_str/en_US/element/string.json
Warning: 'page_show' conflict, first declared.
at /Users/wangboyang/Documents/ai_interview_success/oh_modules/.ohpm/@ohos+axios@2.2.10/oh_modules/@ohos/axios/src/main/resources/zh_CN/element/string.json
but declared again.
at /Users/wangboyang/Documents/ai_interview_success/entry/build/default/intermediates/res/default/resource_str/zh_CN/element/string.json
Warning: the color of 'start_window_background' does not have a base resource.

[2026-05-31T10:33:45.264] [DEBUG] debug-file - entry : default@CompileResource cost memory -4.9951629638671875
[2026-05-31T10:33:45.264] [DEBUG] debug-file - runTaskFromQueue task cost before running: 344 ms 
[2026-05-31T10:33:45.264] [INFO] debug-file - Finished :entry:default@CompileResource... after 107 ms 
[2026-05-31T10:33:45.265] [DEBUG] debug-file - Executing task :entry:default@DoNativeStrip
[2026-05-31T10:33:45.265] [DEBUG] debug-file - File: '/Users/wangboyang/Documents/ai_interview_success/entry/build/default/intermediates/binxo/default' from 'doBinxoNativeLibs' is not exists, just ignore.
[2026-05-31T10:33:45.265] [DEBUG] debug-file - Task 'entry:default@DoNativeStrip' cost while wrapping incremental declarations: 1 ms 
[2026-05-31T10:33:45.266] [DEBUG] debug-file - entry : default@DoNativeStrip cost memory 0.0669097900390625
[2026-05-31T10:33:45.266] [DEBUG] debug-file - runTaskFromQueue task cost before running: 345 ms 
[2026-05-31T10:33:45.266] [INFO] debug-file - Finished :entry:default@DoNativeStrip... after 1 ms 
[2026-05-31T10:33:45.266] [DEBUG] debug-file - Executing task :entry:default@CompileArkTS
[2026-05-31T10:33:45.267] [DEBUG] debug-file - obfuscationOptions: undefined
[2026-05-31T10:33:45.268] [DEBUG] debug-file - Task 'entry:default@CompileArkTS' cost while wrapping incremental declarations: 1 ms 
[2026-05-31T10:33:45.272] [DEBUG] debug-file - build config:
[2026-05-31T10:33:45.272] [DEBUG] debug-file - {
  moduleType: 'entry',
  perf: 0,
  targetName: '.default',
  packageManagerType: 'ohpm',
  localPropertiesPath: '/Users/wangboyang/Documents/ai_interview_success/local.properties',
  isPreview: false,
  isOhosTest: false,
  isLocalTest: false,
  buildMode: 'Debug',
  hotReloadBuild: undefined,
  watchMode: 'false',
  aceProfilePath: '/Users/wangboyang/Documents/ai_interview_success/entry/build/default/intermediates/res/default/resources/base/profile',
  etsLoaderPath: '/Applications/DevEco-Studio.app/Contents/sdk/default/openharmony/ets/build-tools/ets-loader',
  modulePath: '/Users/wangboyang/Documents/ai_interview_success/entry',
  testFrameworkPar: {
    testMode: undefined,
    coveragePathFilter: undefined,
    coverageMode: undefined
  },
  needCoverageInsert: false,
  debugLine: false,
  projectTopDir: '/Users/wangboyang/Documents/ai_interview_success',
  compileSdkVersion: 24,
  compatibleSdkVersion: 23,
  originCompatibleSdkVersion: '6.1.0(23)',
  compatibleSdkVersionStage: undefined,
  bundleName: 'c***i',
  etsLoaderVersion: '6.1.1.125',
  etsLoaderReleaseType: 'Release',
  aotCompileMode: 'type',
  apPath: '/Users/wangboyang/Documents/ai_interview_success/entry/modules.ap',
  entryModuleName: 'entry',
  entryModuleVersion: '1.0.0',
  entryPackageName: 'entry',
  allModuleNameHash: '216921b453d79e587336c9639f8c52cce102a4ea1cd2442a1dd7d7613a38ca9b',
  externalApiPaths: [ '/Applications/DevEco-Studio.app/Contents/sdk/default/hms/ets' ],
  compilerTypes: [],
  isCrossplatform: false,
  hvigorPluginFile: undefined,
  compilePluginPath: undefined,
  buildGeneratedProfilePath: '/Users/wangboyang/Documents/ai_interview_success/entry/build/default/generated/profile/default',
  bundleType: 'app',
  arkTSVersion: undefined,
  apiVersion: 24,
  needCompleteSourcesMap: false,
  isFaMode: false,
  buildDir: '/Users/wangboyang/Documents/ai_interview_success/entry/build',
  deviceTypes: [ 'phone', 'tablet', '2in1' ],
  pkgContextInfo: {
    '@ohos/axios': {
      packageName: '@ohos/axios',
      bundleName: '*****',
      moduleName: '',
      version: '2.2.10',
      entryPath: 'index.js',
      isSO: false,
      dependencyAlias: ''
    },
    '@ohos/hypium': {
      packageName: '@ohos/hypium',
      bundleName: '*****',
      moduleName: '',
      version: '1.0.25',
      entryPath: 'index.js',
      isSO: false,
      dependencyAlias: ''
    },
    '@ohos/hamock': {
      packageName: '@ohos/hamock',
      bundleName: '*****',
      moduleName: '',
      version: '1.0.0',
      entryPath: 'index.ets',
      isSO: false,
      dependencyAlias: ''
    },
    entry: {
      packageName: 'entry',
      bundleName: '*****',
      moduleName: '',
      version: '',
      entryPath: 'src/main/',
      isSO: false,
      dependencyAlias: ''
    }
  },
  ohPackagePathMap: {},
  dependencyAliasMap: {},
  permission: { requestPermissions: [ [Object] ], definePermissions: undefined },
  useGetCurrentBundleName: false,
  projectArkOption: undefined,
  sourceMapDir: undefined,
  branchElimination: false,
  transformLib: undefined,
  tsImportSendable: false,
  resolveConflictMode: true,
  depName2RootPath: {},
  depName2DepInfo: {},
  depName2OhExports: {},
  rootPathSet: [ '/Users/wangboyang/Documents/ai_interview_success' ],
  useNativeResolver: true,
  shouldEmitJs: true,
  useTscResolve: false,
  singleFileEmit: false,
  userProjectConfig: {
    autoLazyImport: false,
    allowEmptyBundleName: false,
    reExportCheckMode: 'noCheck',
    executionMode: 'memory',
    usePathPlaceholder: false,
    writeRollupCache: true,
    isExpandImportEnabled: false,
    expandImportExclude: '',
    lazyImportExclude: '',
    lazyImportInclude: '',
    ignoreCrossplatformCheck: false,
    isHarDeduplicateEnabled: false,
    skipOhModulesLint: false,
    enableStrictCheckOHModule: false,
    disableSendableCheckRules: [],
    useDeclarationFileSignature: false,
    customizedOptions: undefined,
    integratedHsp: false,
    isPreloadSoEnabled: false
  },
  executionMode: 'memory',
  arkCompileCachePath: '/Users/wangboyang/Documents/ai_interview_success/entry/build/default/cache/default/default@CompileArkTS/esmodule',
  autoLazyFilter: undefined,
  isHarDeduplicateEnabled: false,
  intermediateHarDuplicateDirPath: '/Users/wangboyang/Documents/ai_interview_success/entry/build/default/intermediates/har_duplicate/default',
  autoLazyImport: false,
  allowEmptyBundleName: false,
  reExportCheckMode: 'noCheck',
  usePathPlaceholder: false,
  writeRollupCache: true,
  isExpandImportEnabled: false,
  expandImportExclude: '',
  lazyImportExclude: '',
  lazyImportInclude: '',
  ignoreCrossplatformCheck: false,
  skipOhModulesLint: false,
  enableStrictCheckOHModule: false,
  disableSendableCheckRules: [],
  useDeclarationFileSignature: false,
  customizedOptions: undefined,
  integratedHsp: false,
  isPreloadSoEnabled: false,
  strictMode: {
    caseSensitiveCheck: true,
    useNormalizedOHMUrl: true,
    noExternalImportByPath: true
  },
  useNormalizedOHMUrl: true,
  caseSensitiveCheck: true,
  strictCheckerOnly: false,
  aceModuleJsonPath: '/Users/wangboyang/Documents/ai_interview_success/entry/build/default/intermediates/res/default/ark_module.json',
  appResource: '/Users/wangboyang/Documents/ai_interview_success/entry/build/default/intermediates/res/default/ResourceTable.txt',
  rawFileResource: '/Users/wangboyang/Documents/ai_interview_success/entry/build/default/intermediates/res/default/resources/rawfile',
  resourceTableHash: 'c64a2e365c6804d3e0c71b3b7a72893c1508823ae83f2f56cc5c7c199797763c',
  runtimeOS: 'HarmonyOS',
  sdkInfo: 'false:24:6.1.1.125:Release',
  aceModuleRoot: '/Users/wangboyang/Documents/ai_interview_success/entry/src/main/ets',
  compileMode: 'esmodule',
  aceSuperVisualPath: '/Users/wangboyang/Documents/ai_interview_success/entry/src/main/supervisual',
  aceBuildJson: '/Users/wangboyang/Documents/ai_interview_success/entry/build/default/intermediates/loader/default/loader.json',
  cachePath: '/Users/wangboyang/Documents/ai_interview_success/entry/build/default/cache/default/default@CompileArkTS/esmodule/debug',
  aceModuleBuild: '/Users/wangboyang/Documents/ai_interview_success/entry/build/default/intermediates/loader_out/default/ets',
  supportChunks: true,
  declaredFilesPath: undefined,
  shouldCollectDirectImportees: false,
  isByteCodeHarOptimize: false,
  expandImportPath: undefined,
  resourceTableTs: '/Users/wangboyang/Documents/ai_interview_success/entry/build/default/generated/r/default/ResourceTable.ts',
  moduleMetaInfoFiles: [
    {
      filePath: '/Users/wangboyang/Documents/ai_interview_success/entry/build/default/generated/r/default/ResourceTable.ts',
      ohmurl: '&entry/build/generated/r/ResourceTable&'
    }
  ],
  pkgNameToPkgBriefInfo: {
    '@ohos/axios': {
      pkgRoot: '/Users/wangboyang/Documents/ai_interview_success/oh_modules/.ohpm/@ohos+axios@2.2.10/oh_modules/@ohos/axios',
      pkgName: '@ohos/axios',
      sourceRoots: [Array]
    },
    entry: {
      pkgRoot: '/Users/wangboyang/Documents/ai_interview_success/entry',
      originalSourceRoots: undefined,
      sourceRoots: [Array],
      pkgName: 'entry'
    }
  },
  projectModel: {
    '/Users/wangboyang/Documents/ai_interview_success/entry/src/main': {
      moduleName: 'entry',
      modulePkgPath: '/Users/wangboyang/Documents/ai_interview_success/entry',
      belongProjectPath: '/Users/wangboyang/Documents/ai_interview_success'
    },
    '/Users/wangboyang/Documents/ai_interview_success/entry/.test/default/intermediates/src/ohosTest/ets': {
      moduleName: 'entry_test',
      modulePkgPath: '/Users/wangboyang/Documents/ai_interview_success/entry',
      belongProjectPath: '/Users/wangboyang/Documents/ai_interview_success'
    },
    '/Users/wangboyang/Documents/ai_interview_success/entry/src/ohosTest': {
      moduleName: 'entry_test',
      modulePkgPath: '/Users/wangboyang/Documents/ai_interview_success/entry',
      belongProjectPath: '/Users/wangboyang/Documents/ai_interview_success'
    },
    '/Users/wangboyang/Documents/ai_interview_success/entry': {
      moduleName: 'entry',
      modulePkgPath: '/Users/wangboyang/Documents/ai_interview_success/entry',
      belongProjectPath: '/Users/wangboyang/Documents/ai_interview_success'
    },
    '/Users/wangboyang/Documents/ai_interview_success': {
      moduleName: 'ai_interview_success',
      modulePkgPath: '/Users/wangboyang/Documents/ai_interview_success',
      belongProjectPath: '/Users/wangboyang/Documents/ai_interview_success'
    }
  },
  pkgJsonFileHash: '0ea6a217f6fe89599b794a8802a1ba868831a3b5a807fe1ffc56cf5b7ba96c77',
  allModulePaths: [ '/Users/wangboyang/Documents/ai_interview_success/entry' ],
  routerMap: {},
  obfuscationOptions: undefined,
  byteCodeHarToDependencyKeys: undefined,
  compileBlockPkg: [],
  mockParams: {
    decorator: '@MockSetup',
    packageName: '@ohos/hamock',
    etsSourceRootPath: 'src/main/ets',
    mockConfigPath: '/Users/wangboyang/Documents/ai_interview_success/entry/src/mock/mock-config.json5',
    mockConfigKey2ModuleInfo: {},
    source2ModuleIdMap: {}
  },
  copyCodeResourceEnable: false,
  copyCodeResourceExcludes: [],
  copyCodeResourceIncludes: undefined,
  uiTransformOptimization: false,
  sdkPath: '/Applications/DevEco-Studio.app/Contents/sdk',
  needPreloadSoFileSet: {},
  preloadSoFilePath: '/Users/wangboyang/Documents/ai_interview_success/entry/build/default/intermediates/preload/default/preload.json',
  useSourceHash: false,
  localModuleParamMap: {},
  otherPaths: {
    '@ohos/axios/*': [
      '../../../../oh_modules/.ohpm/@ohos+axios@2.2.10/oh_modules/@ohos/axios/src/main/*'
    ],
    'entry/*': [ '../*', '../../../build/default/generated/profile/default/*' ]
  },
  collectImportersConfig: undefined
}
[2026-05-31T10:33:45.272] [DEBUG] debug-file - Compile arkts with external api path: /Applications/DevEco-Studio.app/Contents/sdk/default/hms/ets
[2026-05-31T10:33:45.272] [DEBUG] debug-file - default@CompileArkTS work[0] is submitted.
[2026-05-31T10:33:45.273] [DEBUG] debug-file - default@CompileArkTS work[0] is pushed to ready queue.
[2026-05-31T10:33:45.273] [DEBUG] debug-file - A work dispatched to worker[11] failed because unable to get work from ready queue.
[2026-05-31T10:33:45.273] [DEBUG] debug-file - A work dispatched to worker[10] failed because unable to get work from ready queue.
[2026-05-31T10:33:45.273] [DEBUG] debug-file - A work dispatched to worker[9] failed because unable to get work from ready queue.
[2026-05-31T10:33:45.273] [DEBUG] debug-file - A work dispatched to worker[8] failed because unable to get work from ready queue.
[2026-05-31T10:33:45.273] [DEBUG] debug-file - A work dispatched to worker[7] failed because unable to get work from ready queue.
[2026-05-31T10:33:45.273] [DEBUG] debug-file - A work dispatched to worker[6] failed because unable to get work from ready queue.
[2026-05-31T10:33:45.273] [DEBUG] debug-file - A work dispatched to worker[5] failed because unable to get work from ready queue.
[2026-05-31T10:33:45.273] [DEBUG] debug-file - Create  resident worker with id: 4.
[2026-05-31T10:33:45.273] [DEBUG] debug-file - default@CompileArkTS work[0] has been dispatched to worker[4].
[2026-05-31T10:33:45.274] [DEBUG] debug-file - default@CompileArkTS work[0] is dispatched.
[2026-05-31T10:33:45.274] [DEBUG] debug-file - entry : default@CompileArkTS cost memory 2.2272720336914062
[2026-05-31T10:33:45.274] [DEBUG] debug-file - Executing task :entry:default@BuildJS
[2026-05-31T10:33:45.274] [DEBUG] debug-file - Task 'entry:default@BuildJS' cost while wrapping incremental declarations: 1 ms 
[2026-05-31T10:33:45.274] [DEBUG] debug-file - entry : default@BuildJS cost memory 0.14430999755859375
[2026-05-31T10:33:45.274] [DEBUG] debug-file - runTaskFromQueue task cost before running: 354 ms 
[2026-05-31T10:33:45.274] [INFO] debug-file - Finished :entry:default@BuildJS... after 1 ms 
[2026-05-31T10:33:45.275] [DEBUG] debug-file - Executing task :entry:default@CacheNativeLibs
[2026-05-31T10:33:45.275] [DEBUG] debug-file - File: '/Users/wangboyang/Documents/ai_interview_success/entry/build/default/intermediates/binxo/default' from 'cacheBinxoNativeLibs' is not exists, just ignore.
[2026-05-31T10:33:45.275] [DEBUG] debug-file - Task 'entry:default@CacheNativeLibs' cost while wrapping incremental declarations: 1 ms 
[2026-05-31T10:33:45.275] [DEBUG] debug-file - default@CacheNativeLibs work[1] is submitted.
[2026-05-31T10:33:45.275] [DEBUG] debug-file - default@CacheNativeLibs work[1] is pushed to ready queue.
[2026-05-31T10:33:45.275] [DEBUG] debug-file - A work dispatched to worker[11] failed because unable to get work from ready queue.
[2026-05-31T10:33:45.275] [DEBUG] debug-file - Create  resident worker with id: 10.
[2026-05-31T10:33:45.275] [DEBUG] debug-file - default@CacheNativeLibs work[1] has been dispatched to worker[10].
[2026-05-31T10:33:45.275] [DEBUG] debug-file - default@CacheNativeLibs work[1] is dispatched.
[2026-05-31T10:33:45.275] [DEBUG] debug-file - entry : default@CacheNativeLibs cost memory 0.1531219482421875
[2026-05-31T10:33:45.516] [DEBUG] debug-file - worker[10] has one work done.
[2026-05-31T10:33:45.516] [DEBUG] debug-file - default@CacheNativeLibs work[1] done.
[2026-05-31T10:33:45.516] [DEBUG] debug-file - A work dispatched to worker[10] failed because unable to get work from ready queue.
[2026-05-31T10:33:45.516] [INFO] debug-file - Finished :entry:default@CacheNativeLibs... after 3 ms 
[2026-05-31T10:33:48.239] [WARN] debug-file - [33mWARN: [33m[33mArkTS:WARN File: /Users/wangboyang/Documents/ai_interview_success/entry/src/main/ets/commons/utils/HMScreenManager.ets:27:64
 'px2vp' has been deprecated.
[39m[39m
[33mWARN: [33m[33mArkTS:WARN File: /Users/wangboyang/Documents/ai_interview_success/entry/src/main/ets/commons/utils/HMScreenManager.ets:30:67
 'px2vp' has been deprecated.
[39m[39m
[33mWARN: [33m[33mArkTS:WARN File: /Users/wangboyang/Documents/ai_interview_success/entry/src/main/ets/commons/components/HMQuestionList.ets:33:5
 Function may throw exceptions. Special handling is required.
[39m[39m

[2026-05-31T10:33:48.239] [DEBUG] debug-file - Ark compile task finished.finished time is 13532075915041
[2026-05-31T10:33:48.240] [DEBUG] debug-file - worker[4] has one work done.
[2026-05-31T10:33:48.240] [DEBUG] debug-file - default@CompileArkTS work[0] done.
[2026-05-31T10:33:48.240] [DEBUG] debug-file - A work dispatched to worker[4] failed because unable to get work from ready queue.
[2026-05-31T10:33:48.241] [INFO] debug-file - Finished :entry:default@CompileArkTS... after 2 s 447 ms 
[2026-05-31T10:33:48.241] [DEBUG] debug-file - Executing task :entry:default@GeneratePkgModuleJson
[2026-05-31T10:33:48.241] [DEBUG] debug-file - File: '/Users/wangboyang/Documents/ai_interview_success/entry/build/default/intermediates/preload/default/preload.json' from 'preloadSoJsonPath' is not exists, just ignore.
[2026-05-31T10:33:48.241] [DEBUG] debug-file - Error occurs while handling @Input 'shouldDeduplicateHar': The "data" argument must be of type string or an instance of Buffer, TypedArray, or DataView. Received undefined
[2026-05-31T10:33:48.242] [DEBUG] debug-file - Task 'entry:default@GeneratePkgModuleJson' cost while wrapping incremental declarations: 1 ms 
[2026-05-31T10:33:48.242] [DEBUG] debug-file - entry : default@GeneratePkgModuleJson cost memory 0.14926910400390625
[2026-05-31T10:33:48.242] [DEBUG] debug-file - runTaskFromQueue task cost before running: 3 s 322 ms 
[2026-05-31T10:33:48.242] [INFO] debug-file - Finished :entry:default@GeneratePkgModuleJson... after 1 ms 
[2026-05-31T10:33:48.242] [DEBUG] debug-file - Executing task :entry:default@ProcessCompiledResources
[2026-05-31T10:33:48.242] [DEBUG] debug-file - File: '/Users/wangboyang/Documents/ai_interview_success/entry/build/default/intermediates/preload/default/preload.json' from 'preloadSoJsonPath' is not exists, just ignore.
[2026-05-31T10:33:48.242] [DEBUG] debug-file - Task 'entry:default@ProcessCompiledResources' cost while wrapping incremental declarations: 1 ms 
[2026-05-31T10:33:48.243] [DEBUG] debug-file - entry : default@ProcessCompiledResources cost memory 0.0560455322265625
[2026-05-31T10:33:48.243] [DEBUG] debug-file - runTaskFromQueue task cost before running: 3 s 322 ms 
[2026-05-31T10:33:48.243] [INFO] debug-file - Finished :entry:default@ProcessCompiledResources... after 1 ms 
[2026-05-31T10:33:48.243] [DEBUG] debug-file - Executing task :entry:default@PackageHap
[2026-05-31T10:33:48.245] [DEBUG] debug-file - Use tool [/Applications/DevEco-Studio.app/Contents/sdk/default/openharmony/toolchains/lib/app_packing_tool.jar]
 [
  'java',
  '-Dfile.encoding=utf-8',
  '-jar',
  '/Applications/DevEco-Studio.app/Contents/sdk/default/openharmony/toolchains/lib/app_packing_tool.jar',
  '--mode',
  'hap',
  '--force',
  'true',
  '--lib-path',
  '/Users/wangboyang/Documents/ai_interview_success/entry/build/default/intermediates/stripped_native_libs/default',
  '--json-path',
  '/Users/wangboyang/Documents/ai_interview_success/entry/build/default/intermediates/package/default/module.json',
  '--resources-path',
  '/Users/wangboyang/Documents/ai_interview_success/entry/build/default/intermediates/res/default/resources',
  '--index-path',
  '/Users/wangboyang/Documents/ai_interview_success/entry/build/default/intermediates/res/default/resources.index',
  '--pack-info-path',
  '/Users/wangboyang/Documents/ai_interview_success/entry/build/default/outputs/default/pack.info',
  '--out-path',
  '/Users/wangboyang/Documents/ai_interview_success/entry/build/default/outputs/default/entry-default-unsigned.hap',
  '--ets-path',
  '/Users/wangboyang/Documents/ai_interview_success/entry/build/default/intermediates/loader_out/default/ets',
  '--pkg-context-path',
  '/Users/wangboyang/Documents/ai_interview_success/entry/build/default/intermediates/loader/default/pkgContextInfo.json'
]
[2026-05-31T10:33:48.245] [DEBUG] debug-file - default@PackageHap work[2] is submitted.
[2026-05-31T10:33:48.245] [DEBUG] debug-file - default@PackageHap work[2] is pushed to ready queue.
[2026-05-31T10:33:48.245] [DEBUG] debug-file - A work dispatched to worker[11] failed because unable to get work from ready queue.
[2026-05-31T10:33:48.245] [DEBUG] debug-file - default@PackageHap work[2] has been dispatched to worker[10].
[2026-05-31T10:33:48.245] [DEBUG] debug-file - default@PackageHap work[2] is dispatched.
[2026-05-31T10:33:48.246] [DEBUG] debug-file - entry : default@PackageHap cost memory 0.320892333984375
[2026-05-31T10:33:48.262] [DEBUG] debug-file - current process  memoryUsage: {
  rss: 785104896,
  heapTotal: 81821696,
  heapUsed: 50208696,
  external: 2211032,
  arrayBuffers: 57578
} os memoryUsage :17.880477905273438
[2026-05-31T10:33:48.450] [DEBUG] debug-file - worker[10] has one work done.
[2026-05-31T10:33:48.450] [DEBUG] debug-file - default@PackageHap work[2] done.
[2026-05-31T10:33:48.450] [DEBUG] debug-file - A work dispatched to worker[10] failed because unable to get work from ready queue.
[2026-05-31T10:33:48.451] [INFO] debug-file - Finished :entry:default@PackageHap... after 192 ms 
[2026-05-31T10:33:48.451] [DEBUG] debug-file - Executing task :entry:default@PackingCheck
[2026-05-31T10:33:48.454] [DEBUG] debug-file - entry : default@PackingCheck cost memory 0.6163482666015625
[2026-05-31T10:33:48.454] [DEBUG] debug-file - runTaskFromQueue task cost before running: 3 s 533 ms 
[2026-05-31T10:33:48.454] [INFO] debug-file - Finished :entry:default@PackingCheck... after 3 ms 
[2026-05-31T10:33:48.454] [DEBUG] debug-file - Executing task :entry:default@SignHap
[2026-05-31T10:33:53.837] [DEBUG] debug-file - java daemon socket received message:{"code":0,"message":"verify profile success"}
[2026-05-31T10:33:53.840] [DEBUG] debug-file - java daemon socket close code:1000 reason:close by user
[2026-05-31T10:33:54.008] [DEBUG] debug-file - java daemon socket received message:{"code":0,"message":"sign app success"}
[2026-05-31T10:33:54.009] [DEBUG] debug-file - entry : default@SignHap cost memory -31.638587951660156
[2026-05-31T10:33:54.009] [DEBUG] debug-file - runTaskFromQueue task cost before running: 9 s 88 ms 
[2026-05-31T10:33:54.009] [INFO] debug-file - Finished :entry:default@SignHap... after 5 s 555 ms 
[2026-05-31T10:33:54.010] [DEBUG] debug-file - Executing task :entry:default@CollectDebugSymbol
[2026-05-31T10:33:54.010] [DEBUG] debug-file - entry : default@CollectDebugSymbol cost memory 0.10533905029296875
[2026-05-31T10:33:54.010] [DEBUG] debug-file - runTaskFromQueue task cost before running: 9 s 90 ms 
[2026-05-31T10:33:54.010] [INFO] debug-file - Finished :entry:default@CollectDebugSymbol... after 1 ms 
[2026-05-31T10:33:54.010] [DEBUG] debug-file - Executing task :entry:assembleHap
[2026-05-31T10:33:54.010] [DEBUG] debug-file - entry : assembleHap cost memory 0.01276397705078125
[2026-05-31T10:33:54.010] [DEBUG] debug-file - runTaskFromQueue task cost before running: 9 s 90 ms 
[2026-05-31T10:33:54.010] [INFO] debug-file - Finished :entry:assembleHap... after 1 ms 
[2026-05-31T10:33:54.011] [INFO] debug-file - BUILD SUCCESSFUL in 9 s 90 ms 
[2026-05-31T10:33:54.011] [DEBUG] debug-file - Update task entry:default@PreBuild input file:/Users/wangboyang/Documents/ai_interview_success/AppScope/app.json5 cache by regenerate.
[2026-05-31T10:33:54.011] [DEBUG] debug-file - Update task entry:default@PreBuild input file:/Users/wangboyang/Documents/ai_interview_success/entry/src/main/module.json5 cache by regenerate.
[2026-05-31T10:33:54.011] [DEBUG] debug-file - Update task entry:default@PreBuild input file:/Users/wangboyang/Documents/ai_interview_success/build-profile.json5 cache by regenerate.
[2026-05-31T10:33:54.011] [DEBUG] debug-file - Update task entry:default@PreBuild input file:/Users/wangboyang/Documents/ai_interview_success/entry/build-profile.json5 cache by regenerate.
[2026-05-31T10:33:54.011] [DEBUG] debug-file - Update task entry:default@PreBuild input file:/Users/wangboyang/Documents/ai_interview_success/entry/src/main/resources/base/profile/main_pages.json cache by regenerate.
[2026-05-31T10:33:54.011] [DEBUG] debug-file - Update task entry:default@PreBuild input file:/Users/wangboyang/Documents/ai_interview_success/hvigor/hvigor-config.json5 cache by regenerate.
[2026-05-31T10:33:54.011] [DEBUG] debug-file - Update task entry:default@PreBuild input file:/Users/wangboyang/Documents/ai_interview_success/entry/src/mock/mock-config.json5 cache by regenerate.
[2026-05-31T10:33:54.011] [DEBUG] debug-file - Update task entry:default@PreBuild input file:/Users/wangboyang/Documents/ai_interview_success/entry/oh-package.json5 cache by regenerate.
[2026-05-31T10:33:54.012] [DEBUG] debug-file - Update task entry:default@PreBuild input file:/Users/wangboyang/Documents/ai_interview_success/oh-package.json5 cache by regenerate.
[2026-05-31T10:33:54.012] [DEBUG] debug-file - Incremental task entry:default@PreBuild post-execution cost:1 ms .
[2026-05-31T10:33:54.012] [DEBUG] debug-file - Update task entry:default@CreateModuleInfo output file:/Users/wangboyang/Documents/ai_interview_success/entry/build/default/generated/profile/default/ModuleInfo.ts cache.
[2026-05-31T10:33:54.012] [DEBUG] debug-file - Incremental task entry:default@CreateModuleInfo post-execution cost:1 ms .
[2026-05-31T10:33:54.012] [DEBUG] debug-file - Update task entry:default@GenerateMetadata input file:/Users/wangboyang/Documents/ai_interview_success/entry/src/main/module.json5 cache by regenerate.
[2026-05-31T10:33:54.012] [DEBUG] debug-file - Update task entry:default@GenerateMetadata output file:/Users/wangboyang/Documents/ai_interview_success/entry/build/default/intermediates/hap_metadata/default/output_metadata.json cache.
[2026-05-31T10:33:54.012] [DEBUG] debug-file - Incremental task entry:default@GenerateMetadata post-execution cost:1 ms .
[2026-05-31T10:33:54.012] [DEBUG] debug-file - Update task entry:default@MergeProfile input file:/Users/wangboyang/Documents/ai_interview_success/AppScope/app.json5 cache by regenerate.
[2026-05-31T10:33:54.012] [DEBUG] debug-file - Update task entry:default@MergeProfile input file:/Users/wangboyang/Documents/ai_interview_success/build-profile.json5 cache by regenerate.
[2026-05-31T10:33:54.012] [DEBUG] debug-file - Update task entry:default@MergeProfile input file:/Users/wangboyang/Documents/ai_interview_success/entry/src/main/module.json5 cache by regenerate.
[2026-05-31T10:33:54.012] [DEBUG] debug-file - Update task entry:default@MergeProfile input file:/Users/wangboyang/Documents/ai_interview_success/oh_modules/.ohpm/@ohos+axios@2.2.10/oh_modules/@ohos/axios/src/main/module.json cache by regenerate.
[2026-05-31T10:33:54.012] [DEBUG] debug-file - Update task entry:default@MergeProfile output file:/Users/wangboyang/Documents/ai_interview_success/entry/build/default/intermediates/merge_profile/default/module.json cache.
[2026-05-31T10:33:54.012] [DEBUG] debug-file - Incremental task entry:default@MergeProfile post-execution cost:1 ms .
[2026-05-31T10:33:54.012] [DEBUG] debug-file - Update task entry:default@CreateBuildProfile input file:/Users/wangboyang/Documents/ai_interview_success/AppScope/app.json5 cache by regenerate.
[2026-05-31T10:33:54.012] [DEBUG] debug-file - Update task entry:default@CreateBuildProfile input file:/Users/wangboyang/Documents/ai_interview_success/build-profile.json5 cache by regenerate.
[2026-05-31T10:33:54.012] [DEBUG] debug-file - Update task entry:default@CreateBuildProfile output file:/Users/wangboyang/Documents/ai_interview_success/entry/build/default/generated/profile/default/BuildProfile.ets cache.
[2026-05-31T10:33:54.012] [DEBUG] debug-file - Incremental task entry:default@CreateBuildProfile post-execution cost:1 ms .
[2026-05-31T10:33:54.012] [DEBUG] debug-file - Update task entry:default@GeneratePkgContextInfo output file:/Users/wangboyang/Documents/ai_interview_success/entry/build/default/intermediates/loader/default/pkgContextInfo.json cache.
[2026-05-31T10:33:54.012] [DEBUG] debug-file - Incremental task entry:default@GeneratePkgContextInfo post-execution cost:1 ms .
[2026-05-31T10:33:54.012] [DEBUG] debug-file - Update task entry:default@GeneratePkgSdkInfo output file:/Users/wangboyang/Documents/ai_interview_success/entry/build/default/intermediates/loader/default/pkgSdkInfo.json cache.
[2026-05-31T10:33:54.013] [DEBUG] debug-file - Incremental task entry:default@GeneratePkgSdkInfo post-execution cost:1 ms .
[2026-05-31T10:33:54.013] [DEBUG] debug-file - Update task entry:default@ProcessIntegratedHsp output file:/Users/wangboyang/Documents/ai_interview_success/build/cache/default/integrated_hsp/integratedHspCache.json cache.
[2026-05-31T10:33:54.013] [DEBUG] debug-file - Incremental task entry:default@ProcessIntegratedHsp post-execution cost:1 ms .
[2026-05-31T10:33:54.013] [DEBUG] debug-file - Update task entry:default@MakePackInfo input file:/Users/wangboyang/Documents/ai_interview_success/AppScope/app.json5 cache by regenerate.
[2026-05-31T10:33:54.013] [DEBUG] debug-file - Update task entry:default@MakePackInfo input file:/Users/wangboyang/Documents/ai_interview_success/entry/src/main/module.json5 cache by regenerate.
[2026-05-31T10:33:54.013] [DEBUG] debug-file - Update task entry:default@MakePackInfo input file:/Users/wangboyang/Documents/ai_interview_success/build-profile.json5 cache by regenerate.
[2026-05-31T10:33:54.013] [DEBUG] debug-file - Update task entry:default@MakePackInfo input file:/Users/wangboyang/Documents/ai_interview_success/entry/src/main/resources/base/profile/backup_config.json cache by regenerate.
[2026-05-31T10:33:54.013] [DEBUG] debug-file - Update task entry:default@MakePackInfo output file:/Users/wangboyang/Documents/ai_interview_success/entry/build/default/outputs/default/pack.info cache.
[2026-05-31T10:33:54.013] [DEBUG] debug-file - Incremental task entry:default@MakePackInfo post-execution cost:1 ms .
[2026-05-31T10:33:54.013] [DEBUG] debug-file - Update task entry:default@SyscapTransform input file:/Applications/DevEco-Studio.app/Contents/sdk/default/openharmony/toolchains/syscap_tool cache by regenerate.
[2026-05-31T10:33:54.013] [DEBUG] debug-file - Update task entry:default@SyscapTransform input file:/Applications/DevEco-Studio.app/Contents/sdk/default/openharmony/ets/api/device-define cache by regenerate.
[2026-05-31T10:33:54.013] [DEBUG] debug-file - Update task entry:default@SyscapTransform output file:/Users/wangboyang/Documents/ai_interview_success/entry/build/default/intermediates/syscap/default/rpcid.sc cache.
[2026-05-31T10:33:54.014] [DEBUG] debug-file - Incremental task entry:default@SyscapTransform post-execution cost:1 ms .
[2026-05-31T10:33:54.014] [DEBUG] debug-file - Update task entry:default@ProcessProfile input file:/Users/wangboyang/Documents/ai_interview_success/entry/build/default/intermediates/merge_profile/default/module.json cache by regenerate.
[2026-05-31T10:33:54.014] [DEBUG] debug-file - Update task entry:default@ProcessProfile output file:/Users/wangboyang/Documents/ai_interview_success/entry/build/default/intermediates/process_profile/default/module.json cache.
[2026-05-31T10:33:54.014] [DEBUG] debug-file - Incremental task entry:default@ProcessProfile post-execution cost:1 ms .
[2026-05-31T10:33:54.014] [DEBUG] debug-file - Update task entry:default@ProcessRouterMap input file:/Users/wangboyang/Documents/ai_interview_success/entry/oh-package.json5 cache by regenerate.
[2026-05-31T10:33:54.014] [DEBUG] debug-file - Update task entry:default@ProcessRouterMap input file:/Users/wangboyang/Documents/ai_interview_success/oh-package.json5 cache by regenerate.
[2026-05-31T10:33:54.014] [DEBUG] debug-file - Update task entry:default@ProcessRouterMap input file:/Users/wangboyang/Documents/ai_interview_success/entry/src/main/module.json5 cache by regenerate.
[2026-05-31T10:33:54.014] [DEBUG] debug-file - Update task entry:default@ProcessRouterMap input file:/Users/wangboyang/Documents/ai_interview_success/entry/build/default/intermediates/loader/default/pkgContextInfo.json cache by regenerate.
[2026-05-31T10:33:54.014] [DEBUG] debug-file - Update task entry:default@ProcessRouterMap output file:/Users/wangboyang/Documents/ai_interview_success/entry/build/default/intermediates/router_map/default/temp-router-map.json cache.
[2026-05-31T10:33:54.014] [DEBUG] debug-file - Update task entry:default@ProcessRouterMap output file:/Users/wangboyang/Documents/ai_interview_success/entry/build/default/intermediates/router_map/default/loader-router-map.json cache.
[2026-05-31T10:33:54.014] [DEBUG] debug-file - Incremental task entry:default@ProcessRouterMap post-execution cost:1 ms .
[2026-05-31T10:33:54.014] [DEBUG] debug-file - Update task entry:default@ProcessShareConfig input file:/Users/wangboyang/Documents/ai_interview_success/entry/oh-package.json5 cache by regenerate.
[2026-05-31T10:33:54.014] [DEBUG] debug-file - Update task entry:default@ProcessShareConfig input file:/Users/wangboyang/Documents/ai_interview_success/oh-package.json5 cache by regenerate.
[2026-05-31T10:33:54.014] [DEBUG] debug-file - Update task entry:default@ProcessShareConfig input file:/Users/wangboyang/Documents/ai_interview_success/entry/src/main/module.json5 cache by regenerate.
[2026-05-31T10:33:54.014] [DEBUG] debug-file - Update task entry:default@ProcessShareConfig input file:/Users/wangboyang/Documents/ai_interview_success/entry/build/default/intermediates/loader/default/pkgContextInfo.json cache by regenerate.
[2026-05-31T10:33:54.014] [DEBUG] debug-file - Update task entry:default@ProcessShareConfig output file:/Users/wangboyang/Documents/ai_interview_success/entry/build/default/intermediates/share_config/default/temp-share-config.json cache.
[2026-05-31T10:33:54.014] [DEBUG] debug-file - Incremental task entry:default@ProcessShareConfig post-execution cost:1 ms .
[2026-05-31T10:33:54.014] [DEBUG] debug-file - Update task entry:default@ProcessStartupConfig input file:/Users/wangboyang/Documents/ai_interview_success/entry/build/default/intermediates/loader/default/pkgContextInfo.json cache by regenerate.
[2026-05-31T10:33:54.014] [DEBUG] debug-file - Update task entry:default@ProcessStartupConfig output file:/Users/wangboyang/Documents/ai_interview_success/entry/build/default/intermediates/startup/default/startup_config.json cache.
[2026-05-31T10:33:54.014] [DEBUG] debug-file - Incremental task entry:default@ProcessStartupConfig post-execution cost:1 ms .
[2026-05-31T10:33:54.014] [DEBUG] debug-file - Update task entry:default@ProcessResource output file:/Users/wangboyang/Documents/ai_interview_success/entry/build/default/intermediates/res/default/resConfig.json cache.
[2026-05-31T10:33:54.014] [DEBUG] debug-file - Update task entry:default@ProcessResource output file:/Users/wangboyang/Documents/ai_interview_success/entry/build/default/intermediates/res/default/opt-compression.json cache.
[2026-05-31T10:33:54.014] [DEBUG] debug-file - Incremental task entry:default@ProcessResource post-execution cost:1 ms .
[2026-05-31T10:33:54.015] [DEBUG] debug-file - Update task entry:default@GenerateLoaderJson input file:/Users/wangboyang/Documents/ai_interview_success/entry/src/mock/mock-config.json5 cache by regenerate.
[2026-05-31T10:33:54.015] [DEBUG] debug-file - Update task entry:default@GenerateLoaderJson input file:/Users/wangboyang/Documents/ai_interview_success/entry/build/default/intermediates/loader/default/pkgContextInfo.json cache by regenerate.
[2026-05-31T10:33:54.015] [DEBUG] debug-file - Update task entry:default@GenerateLoaderJson input file:/Users/wangboyang/Documents/ai_interview_success/entry/build/default/intermediates/router_map/default/temp-router-map.json cache by regenerate.
[2026-05-31T10:33:54.015] [DEBUG] debug-file - Update task entry:default@GenerateLoaderJson output file:/Users/wangboyang/Documents/ai_interview_success/entry/build/default/intermediates/loader/default/loader.json cache.
[2026-05-31T10:33:54.015] [DEBUG] debug-file - Incremental task entry:default@GenerateLoaderJson post-execution cost:1 ms .
[2026-05-31T10:33:54.015] [DEBUG] debug-file - Update task entry:default@ProcessLibs input file:/Users/wangboyang/Documents/ai_interview_success/oh_modules/.ohpm/@ohos+axios@2.2.10/oh_modules/@ohos/axios/libs cache by regenerate.
[2026-05-31T10:33:54.015] [DEBUG] debug-file - Update task entry:default@ProcessLibs input file:/Users/wangboyang/Documents/ai_interview_success/build-profile.json5 cache by regenerate.
[2026-05-31T10:33:54.015] [DEBUG] debug-file - Update task entry:default@ProcessLibs input file:/Users/wangboyang/Documents/ai_interview_success/entry/build-profile.json5 cache by regenerate.
[2026-05-31T10:33:54.015] [DEBUG] debug-file - Update task entry:default@ProcessLibs output file:/Users/wangboyang/Documents/ai_interview_success/entry/build/default/intermediates/libs/default cache.
[2026-05-31T10:33:54.015] [DEBUG] debug-file - Incremental task entry:default@ProcessLibs post-execution cost:1 ms .
[2026-05-31T10:33:54.015] [DEBUG] debug-file - Update task entry:default@CompileResource input file:/Users/wangboyang/Documents/ai_interview_success/entry/src/main/resources cache by regenerate.
[2026-05-31T10:33:54.016] [DEBUG] debug-file - Update task entry:default@CompileResource input file:/Users/wangboyang/Documents/ai_interview_success/oh_modules/.ohpm/@ohos+axios@2.2.10/oh_modules/@ohos/axios/src/main/resources cache by regenerate.
[2026-05-31T10:33:54.017] [DEBUG] debug-file - Update task entry:default@CompileResource input file:/Users/wangboyang/Documents/ai_interview_success/entry/build/default/intermediates/res/default/resource_str cache by regenerate.
[2026-05-31T10:33:54.017] [DEBUG] debug-file - Update task entry:default@CompileResource input file:/Users/wangboyang/Documents/ai_interview_success/AppScope/resources cache by regenerate.
[2026-05-31T10:33:54.017] [DEBUG] debug-file - Update task entry:default@CompileResource input file:/Users/wangboyang/Documents/ai_interview_success/entry/build/default/intermediates/process_profile/default/module.json cache by regenerate.
[2026-05-31T10:33:54.017] [DEBUG] debug-file - Update task entry:default@CompileResource input file:/Users/wangboyang/Documents/ai_interview_success/entry/build/default/intermediates/res/default/resConfig.json cache by regenerate.
[2026-05-31T10:33:54.017] [DEBUG] debug-file - Update task entry:default@CompileResource output file:/Users/wangboyang/Documents/ai_interview_success/entry/build/default/intermediates/res/default cache.
[2026-05-31T10:33:54.019] [DEBUG] debug-file - Update task entry:default@CompileResource output file:/Users/wangboyang/Documents/ai_interview_success/entry/build/default/generated/r/default/ResourceTable.h cache.
[2026-05-31T10:33:54.019] [DEBUG] debug-file - Update task entry:default@CompileResource output file:/Users/wangboyang/Documents/ai_interview_success/entry/build/default/generated/r/default/ResourceTable.ts cache.
[2026-05-31T10:33:54.019] [DEBUG] debug-file - Update task entry:default@CompileResource output file:/Users/wangboyang/Documents/ai_interview_success/entry/build/default/generated/r/default cache.
[2026-05-31T10:33:54.019] [DEBUG] debug-file - Incremental task entry:default@CompileResource post-execution cost:4 ms .
[2026-05-31T10:33:54.019] [DEBUG] debug-file - Update task entry:default@DoNativeStrip input file:/Users/wangboyang/Documents/ai_interview_success/entry/build/default/intermediates/libs/default cache by regenerate.
[2026-05-31T10:33:54.019] [DEBUG] debug-file - Update task entry:default@DoNativeStrip output file:/Users/wangboyang/Documents/ai_interview_success/entry/build/default/intermediates/stripped_native_libs/default cache.
[2026-05-31T10:33:54.019] [DEBUG] debug-file - Incremental task entry:default@DoNativeStrip post-execution cost:1 ms .
[2026-05-31T10:33:54.019] [DEBUG] debug-file - Update task entry:default@CompileArkTS input file:/Users/wangboyang/Documents/ai_interview_success/entry/build/default/intermediates/loader/default cache by regenerate.
[2026-05-31T10:33:54.019] [DEBUG] debug-file - Update task entry:default@CompileArkTS input file:/Users/wangboyang/Documents/ai_interview_success/oh_modules/.ohpm/@ohos+axios@2.2.10/oh_modules/@ohos/axios/index.js cache by regenerate.
[2026-05-31T10:33:54.019] [DEBUG] debug-file - Update task entry:default@CompileArkTS input file:/Users/wangboyang/Documents/ai_interview_success/oh_modules/.ohpm/@ohos+axios@2.2.10/oh_modules/@ohos/axios/src/main/ets cache by regenerate.
[2026-05-31T10:33:54.020] [DEBUG] debug-file - Update task entry:default@CompileArkTS input file:/Users/wangboyang/Documents/ai_interview_success/entry/build/default/intermediates/res/default/resources/rawfile cache by regenerate.
[2026-05-31T10:33:54.020] [DEBUG] debug-file - Update task entry:default@CompileArkTS input file:/Users/wangboyang/Documents/ai_interview_success/entry/build/default/intermediates/res/default/ResourceTable.txt cache by regenerate.
[2026-05-31T10:33:54.020] [DEBUG] debug-file - Update task entry:default@CompileArkTS input file:/Users/wangboyang/Documents/ai_interview_success/entry/build/default/intermediates/res/default/ark_module.json cache by regenerate.
[2026-05-31T10:33:54.020] [DEBUG] debug-file - Update task entry:default@CompileArkTS input file:/Users/wangboyang/Documents/ai_interview_success/entry/build/default/intermediates/res/default/resources/base/profile cache by regenerate.
[2026-05-31T10:33:54.020] [DEBUG] debug-file - Update task entry:default@CompileArkTS input file:/Users/wangboyang/Documents/ai_interview_success/entry/src/main/ets cache by regenerate.
[2026-05-31T10:33:54.021] [DEBUG] debug-file - Update task entry:default@CompileArkTS input file:/Users/wangboyang/Documents/ai_interview_success/entry/build/default/intermediates/loader/default/pkgContextInfo.json cache by regenerate.
[2026-05-31T10:33:54.021] [DEBUG] debug-file - Update task entry:default@CompileArkTS input file:/Users/wangboyang/Documents/ai_interview_success/entry/build/default/generated/profile/default/BuildProfile.ets cache by regenerate.
[2026-05-31T10:33:54.021] [DEBUG] debug-file - Update task entry:default@CompileArkTS input file:/Users/wangboyang/Documents/ai_interview_success/entry/src/mock/mock-config.json5 cache by regenerate.
[2026-05-31T10:33:54.021] [DEBUG] debug-file - Update task entry:default@CompileArkTS output file:/Users/wangboyang/Documents/ai_interview_success/entry/build/default/intermediates/loader_out/default/ets cache.
[2026-05-31T10:33:54.021] [DEBUG] debug-file - Incremental task entry:default@CompileArkTS post-execution cost:3 ms .
[2026-05-31T10:33:54.021] [DEBUG] debug-file - Update task entry:default@BuildJS input file:/Users/wangboyang/Documents/ai_interview_success/entry/build/default/intermediates/loader/default cache by regenerate.
[2026-05-31T10:33:54.021] [DEBUG] debug-file - Update task entry:default@BuildJS input file:/Users/wangboyang/Documents/ai_interview_success/oh_modules/.ohpm/@ohos+axios@2.2.10/oh_modules/@ohos/axios/index.js cache by regenerate.
[2026-05-31T10:33:54.021] [DEBUG] debug-file - Update task entry:default@BuildJS input file:/Users/wangboyang/Documents/ai_interview_success/entry/build/default/intermediates/res/default/resources/rawfile cache by regenerate.
[2026-05-31T10:33:54.021] [DEBUG] debug-file - Update task entry:default@BuildJS input file:/Users/wangboyang/Documents/ai_interview_success/entry/build/default/intermediates/res/default/ResourceTable.txt cache by regenerate.
[2026-05-31T10:33:54.021] [DEBUG] debug-file - Update task entry:default@BuildJS input file:/Users/wangboyang/Documents/ai_interview_success/entry/build/default/intermediates/res/default/ark_module.json cache by regenerate.
[2026-05-31T10:33:54.021] [DEBUG] debug-file - Update task entry:default@BuildJS input file:/Users/wangboyang/Documents/ai_interview_success/entry/build/default/intermediates/res/default/resources/base/profile cache by regenerate.
[2026-05-31T10:33:54.021] [DEBUG] debug-file - Update task entry:default@BuildJS input file:/Users/wangboyang/Documents/ai_interview_success/entry/build/default/intermediates/loader/default/pkgContextInfo.json cache by regenerate.
[2026-05-31T10:33:54.022] [DEBUG] debug-file - Update task entry:default@BuildJS output file:/Users/wangboyang/Documents/ai_interview_success/entry/build/default/intermediates/loader_out/default/js cache.
[2026-05-31T10:33:54.022] [DEBUG] debug-file - Incremental task entry:default@BuildJS post-execution cost:1 ms .
[2026-05-31T10:33:54.022] [DEBUG] debug-file - Update task entry:default@CacheNativeLibs input file:/Users/wangboyang/Documents/ai_interview_success/entry/build/default/intermediates/stripped_native_libs/default cache by regenerate.
[2026-05-31T10:33:54.022] [DEBUG] debug-file - Update task entry:default@CacheNativeLibs input file:/Users/wangboyang/Documents/ai_interview_success/entry/build/default/intermediates/libs/default cache by regenerate.
[2026-05-31T10:33:54.022] [DEBUG] debug-file - Update task entry:default@CacheNativeLibs output file:/Users/wangboyang/Documents/ai_interview_success/entry/build/default/intermediates/patch/default/base_native_libs.json cache.
[2026-05-31T10:33:54.022] [DEBUG] debug-file - Update task entry:default@CacheNativeLibs output file:/Users/wangboyang/Documents/ai_interview_success/entry/build/default/intermediates/patch/default/binxo_native_libs.json cache.
[2026-05-31T10:33:54.022] [DEBUG] debug-file - Incremental task entry:default@CacheNativeLibs post-execution cost:1 ms .
[2026-05-31T10:33:54.022] [DEBUG] debug-file - Update task entry:default@GeneratePkgModuleJson input file:/Users/wangboyang/Documents/ai_interview_success/entry/build/default/intermediates/res/default/module.json cache by regenerate.
[2026-05-31T10:33:54.022] [DEBUG] debug-file - Update task entry:default@GeneratePkgModuleJson output file:/Users/wangboyang/Documents/ai_interview_success/entry/build/default/intermediates/package/default/module.json cache.
[2026-05-31T10:33:54.022] [DEBUG] debug-file - Incremental task entry:default@GeneratePkgModuleJson post-execution cost:1 ms .
[2026-05-31T10:33:54.022] [DEBUG] debug-file - Incremental task entry:default@ProcessCompiledResources post-execution cost:1 ms .
[2026-05-31T10:33:54.022] [DEBUG] debug-file - Update task entry:default@PackageHap input file:/Users/wangboyang/Documents/ai_interview_success/entry/build/default/intermediates/stripped_native_libs/default cache by regenerate.
[2026-05-31T10:33:54.022] [DEBUG] debug-file - Update task entry:default@PackageHap input file:/Users/wangboyang/Documents/ai_interview_success/entry/build/default/intermediates/res/default/module.json cache by regenerate.
[2026-05-31T10:33:54.022] [DEBUG] debug-file - Update task entry:default@PackageHap input file:/Users/wangboyang/Documents/ai_interview_success/entry/build/default/intermediates/res/default/resources cache by regenerate.
[2026-05-31T10:33:54.023] [DEBUG] debug-file - Update task entry:default@PackageHap input file:/Users/wangboyang/Documents/ai_interview_success/entry/build/default/intermediates/res/default/resources.index cache by regenerate.
[2026-05-31T10:33:54.023] [DEBUG] debug-file - Update task entry:default@PackageHap input file:/Users/wangboyang/Documents/ai_interview_success/entry/build/default/outputs/default/pack.info cache by regenerate.
[2026-05-31T10:33:54.023] [DEBUG] debug-file - Update task entry:default@PackageHap input file:/Users/wangboyang/Documents/ai_interview_success/entry/build/default/intermediates/loader_out/default/ets cache by regenerate.
[2026-05-31T10:33:54.023] [DEBUG] debug-file - Update task entry:default@PackageHap input file:/Users/wangboyang/Documents/ai_interview_success/entry/build/default/intermediates/loader/default/pkgContextInfo.json cache by regenerate.
[2026-05-31T10:33:54.023] [DEBUG] debug-file - Update task entry:default@PackageHap input file:/Users/wangboyang/Documents/ai_interview_success/entry/build/default/intermediates/loader_out/default/ets/sourceMaps.map cache by regenerate.
[2026-05-31T10:33:54.023] [DEBUG] debug-file - Update task entry:default@PackageHap input file:/Users/wangboyang/Documents/ai_interview_success/entry/build/default/generated/profile/default/BuildProfile.ets cache by regenerate.
[2026-05-31T10:33:54.023] [DEBUG] debug-file - Update task entry:default@PackageHap output file:/Users/wangboyang/Documents/ai_interview_success/entry/build/default/outputs/default/entry-default-unsigned.hap cache.
[2026-05-31T10:33:54.023] [DEBUG] debug-file - Update task entry:default@PackageHap output file:/Users/wangboyang/Documents/ai_interview_success/entry/build/default/intermediates/source_map/default/sourceMaps.map cache.
[2026-05-31T10:33:54.023] [DEBUG] debug-file - Update task entry:default@PackageHap output file:/Users/wangboyang/Documents/ai_interview_success/entry/build/default/outputs/default/mapping/sourceMaps.map cache.
[2026-05-31T10:33:54.023] [DEBUG] debug-file - Incremental task entry:default@PackageHap post-execution cost:2 ms .
[2026-05-31T10:33:54.023] [DEBUG] debug-file - Update task entry:default@SignHap input file:/Users/wangboyang/.ohos/config/default_ai_interview_success_YG4vTAwn3k7O9CsnB4bX6GP6MNFhnV2Uab5KHLSiLcY=.cer cache by regenerate.
[2026-05-31T10:33:54.023] [DEBUG] debug-file - Update task entry:default@SignHap input file:/Users/wangboyang/.ohos/config/default_ai_interview_success_YG4vTAwn3k7O9CsnB4bX6GP6MNFhnV2Uab5KHLSiLcY=.p7b cache by regenerate.
[2026-05-31T10:33:54.024] [DEBUG] debug-file - Update task entry:default@SignHap input file:/Users/wangboyang/.ohos/config/default_ai_interview_success_YG4vTAwn3k7O9CsnB4bX6GP6MNFhnV2Uab5KHLSiLcY=.p12 cache by regenerate.
[2026-05-31T10:33:54.024] [DEBUG] debug-file - Update task entry:default@SignHap input file:/Users/wangboyang/Documents/ai_interview_success/entry/build/default/outputs/default/entry-default-unsigned.hap cache by regenerate.
[2026-05-31T10:33:54.024] [DEBUG] debug-file - Update task entry:default@SignHap output file:/Users/wangboyang/Documents/ai_interview_success/entry/build/default/outputs/default/entry-default-signed.hap cache.
[2026-05-31T10:33:54.024] [DEBUG] debug-file - Incremental task entry:default@SignHap post-execution cost:1 ms .
[2026-05-31T10:33:54.024] [DEBUG] debug-file - Update task entry:default@CollectDebugSymbol input file:/Users/wangboyang/Documents/ai_interview_success/entry/build/default/intermediates/loader_out/default/ets/sourceMaps.map cache by regenerate.
[2026-05-31T10:33:54.024] [DEBUG] debug-file - Update task entry:default@CollectDebugSymbol input file:/Users/wangboyang/Documents/ai_interview_success/entry/build/default/intermediates/libs/default cache by regenerate.
[2026-05-31T10:33:54.024] [DEBUG] debug-file - Update task entry:default@CollectDebugSymbol output file:/Users/wangboyang/Documents/ai_interview_success/entry/build/default/outputs/default/symbol cache.
[2026-05-31T10:33:54.024] [DEBUG] debug-file - Incremental task entry:default@CollectDebugSymbol post-execution cost:1 ms .
[2026-05-31T10:33:54.030] [DEBUG] debug-file - Cleanup worker 10.
[2026-05-31T10:33:54.030] [DEBUG] debug-file - Worker 10 has been cleaned up.
[2026-05-31T10:33:54.030] [DEBUG] debug-file - Current idle worker size: 1.
[2026-05-31T10:33:54.030] [DEBUG] debug-file - Current resident worker size: 2.
[2026-05-31T10:33:54.030] [DEBUG] debug-file - hvigor build process will be closed.
[2026-05-31T10:33:54.031] [DEBUG] debug-file - java daemon socket close code:1000 reason:close by user
[2026-05-31T10:33:54.032] [DEBUG] debug-file - session manager: send message to worker process.
[2026-05-31T10:33:54.033] [DEBUG] debug-file - session manager: send message to worker process.
[2026-05-31T10:33:54.033] [DEBUG] debug-file - worker[10] exits with exit code 1.
[2026-05-31T10:33:54.033] [DEBUG] debug-file - watch worker: worker id should be larger than 0. Nothing will be sent to any worker thread.
[2026-05-31T10:33:54.033] [DEBUG] debug-file - watch worker: worker id should be larger than 0. Nothing will be sent to any worker thread.
[2026-05-31T10:36:03.006] [DEBUG] debug-file - session manager: set active socket. socketId=ye53Je8QIeEpInn_AAAF
[2026-05-31T10:36:03.007] [DEBUG] debug-file - watch worker: worker id should be larger than 0. Nothing will be sent to any worker thread.
[2026-05-31T10:36:03.010] [DEBUG] debug-file - Workers' log level updated to INFO
[2026-05-31T10:36:03.011] [DEBUG] debug-file - Hvigor init with startParameters:{
  hvigorfileTypeCheck: false,
  parallelExecution: true,
  incrementalExecution: true,
  printStackTrace: false,
  daemon: true,
  analyze: 0,
  logLevel: Level { level: 20000, levelStr: 'INFO', colour: 'green' },
  optimizationStrategy: 'memory',
  hotCompile: undefined,
  hotReloadBuild: undefined,
  customizedParam: undefined
}
[2026-05-31T10:36:03.015] [DEBUG] debug-file - Cache service initialization finished in 4 ms 
[2026-05-31T10:36:03.015] [DEBUG] debug-file - hvigorfile, resolving /Users/wangboyang/Documents/ai_interview_success/hvigorfile.ts
[2026-05-31T10:36:03.047] [DEBUG] debug-file - hvigorfile, require result:  { default: { plugins: [] } }
[2026-05-31T10:36:03.047] [DEBUG] debug-file - hvigorfile, binding system plugins null
[2026-05-31T10:36:03.048] [DEBUG] debug-file - Starting plugin build process
[2026-05-31T10:36:03.048] [DEBUG] debug-file - App plugin prepare start...
[2026-05-31T10:36:03.048] [DEBUG] debug-file - App plugin prepare end...
[2026-05-31T10:36:03.048] [DEBUG] debug-file - App plugin creating...
[2026-05-31T10:36:03.055] [DEBUG] debug-file - App plugin register hook start...
[2026-05-31T10:36:03.055] [DEBUG] debug-file - App plugin register hook end...
[2026-05-31T10:36:03.056] [DEBUG] debug-file - Plugin build process completed
[2026-05-31T10:36:03.056] [DEBUG] debug-file - Start initialize project's product build option map with build mode debug.
[2026-05-31T10:36:03.056] [DEBUG] debug-file - Picking option from product 'default' with build mode 'debug'.
[2026-05-31T10:36:03.056] [DEBUG] debug-file - Product 'default' build option initialized
[2026-05-31T10:36:03.056] [DEBUG] debug-file - End initialize project's product build option map with build mode 'debug'.
[2026-05-31T10:36:03.056] [DEBUG] debug-file - Obtain build option for product 'default'in this build.
[2026-05-31T10:36:03.059] [DEBUG] debug-file - /Users/wangboyang/Documents/ai_interview_success/build/cache/default/remote_hsp/remoteHspCache.json not exists.
[2026-05-31T10:36:03.060] [DEBUG] debug-file - Start recording SDK configuration permission data.
[2026-05-31T10:36:03.074] [DEBUG] debug-file - Sdk init in 16 ms 
[2026-05-31T10:36:03.076] [DEBUG] debug-file - Project task initialization takes 2 ms 
[2026-05-31T10:36:03.076] [DEBUG] debug-file - hvigorfile, begin to bind custom plugins...
[2026-05-31T10:36:03.076] [DEBUG] debug-file - hvigorfile, no custom plugins were found in /Users/wangboyang/Documents/ai_interview_success/hvigorfile.ts
[2026-05-31T10:36:03.076] [DEBUG] debug-file - hvigorfile, resolve finished /Users/wangboyang/Documents/ai_interview_success/hvigorfile.ts
[2026-05-31T10:36:03.076] [DEBUG] debug-file - hvigorfile, resolving /Users/wangboyang/Documents/ai_interview_success/entry/hvigorfile.ts
[2026-05-31T10:36:03.078] [DEBUG] debug-file - hvigorfile, require result:  { default: { plugins: [] } }
[2026-05-31T10:36:03.078] [DEBUG] debug-file - hvigorfile, binding system plugins null
[2026-05-31T10:36:03.078] [DEBUG] debug-file - Starting plugin build process
[2026-05-31T10:36:03.078] [DEBUG] debug-file - Hap plugin creating...
[2026-05-31T10:36:03.078] [DEBUG] debug-file - failed to load cangjie to dynamically generate schemas: Error: Cannot find module '@ohos/cangjie-build-support/index'
Require stack:
- /Applications/DevEco-Studio.app/Contents/tools/hvigor/hvigor-ohos-plugin/src/plugin/hooks/cangjie-register.js
- /Applications/DevEco-Studio.app/Contents/tools/hvigor/hvigor-ohos-plugin/src/plugin/strategy/stage-init-strategy.js
- /Applications/DevEco-Studio.app/Contents/tools/hvigor/hvigor-ohos-plugin/src/plugin/builder/abstract-plugin-builder.js
- /Applications/DevEco-Studio.app/Contents/tools/hvigor/hvigor-ohos-plugin/src/plugin/builder/app-plugin-builder.js
- /Applications/DevEco-Studio.app/Contents/tools/hvigor/hvigor-ohos-plugin/src/plugin/factory/plugin-factory.js
- /Applications/DevEco-Studio.app/Contents/tools/hvigor/hvigor-ohos-plugin/index.js
- /Users/wangboyang/Documents/ai_interview_success/hvigorfile.ts
- /Applications/DevEco-Studio.app/Contents/tools/hvigor/hvigor/src/base/internal/lifecycle/configuration.js
- /Applications/DevEco-Studio.app/Contents/tools/hvigor/hvigor/src/base/boot/index.js
- /Applications/DevEco-Studio.app/Contents/tools/hvigor/hvigor/src/base/daemon/cluster/worker-process-lifecycle.js
- /Applications/DevEco-Studio.app/Contents/tools/hvigor/hvigor/src/base/daemon/process/daemon-process-boot-script.js
[2026-05-31T10:36:03.083] [DEBUG] debug-file - Start initialize module-target build option map, moduleName=entry, buildMode=debug
[2026-05-31T10:36:03.083] [DEBUG] debug-file - Target 'default' config initialized
[2026-05-31T10:36:03.083] [DEBUG] debug-file - Target 'ohosTest' config initialized
[2026-05-31T10:36:03.083] [DEBUG] debug-file - Module 'entry' target 'default' build option initialized
[2026-05-31T10:36:03.083] [DEBUG] debug-file - Module 'entry' target 'ohosTest' build option initialized
[2026-05-31T10:36:03.083] [DEBUG] debug-file - End initialize module-target build option map, moduleName=entry
[2026-05-31T10:36:03.083] [DEBUG] debug-file - Start initialize module-target build option map, moduleName=entry, buildMode=release
[2026-05-31T10:36:03.083] [DEBUG] debug-file - Target 'default' config initialized
[2026-05-31T10:36:03.083] [DEBUG] debug-file - Target 'ohosTest' config initialized
[2026-05-31T10:36:03.083] [DEBUG] debug-file - Module 'entry' target 'default' build option initialized
[2026-05-31T10:36:03.084] [DEBUG] debug-file - Module 'entry' target 'ohosTest' build option initialized
[2026-05-31T10:36:03.084] [DEBUG] debug-file - End initialize module-target build option map, moduleName=entry
[2026-05-31T10:36:03.084] [DEBUG] debug-file - Start initialize module-target build option map, moduleName=entry, buildMode=debug
[2026-05-31T10:36:03.084] [DEBUG] debug-file - Target 'default' config initialized
[2026-05-31T10:36:03.084] [DEBUG] debug-file - Target 'ohosTest' config initialized
[2026-05-31T10:36:03.084] [DEBUG] debug-file - Module 'entry' target 'default' build option initialized
[2026-05-31T10:36:03.084] [DEBUG] debug-file - Module 'entry' target 'ohosTest' build option initialized
[2026-05-31T10:36:03.084] [DEBUG] debug-file - End initialize module-target build option map, moduleName=entry
[2026-05-31T10:36:03.084] [DEBUG] debug-file - Obtain build option for module 'entry' target 'default'in this build.
[2026-05-31T10:36:03.085] [DEBUG] debug-file - Module entry task initialization takes 2 ms 
[2026-05-31T10:36:03.085] [DEBUG] debug-file - Hap plugin register hook start...
[2026-05-31T10:36:03.085] [DEBUG] debug-file - Hap plugin register hook end...
[2026-05-31T10:36:03.085] [DEBUG] debug-file - Plugin build process completed
[2026-05-31T10:36:03.085] [DEBUG] debug-file - hvigorfile, begin to bind custom plugins...
[2026-05-31T10:36:03.085] [DEBUG] debug-file - hvigorfile, no custom plugins were found in /Users/wangboyang/Documents/ai_interview_success/entry/hvigorfile.ts
[2026-05-31T10:36:03.085] [DEBUG] debug-file - hvigorfile, resolve finished /Users/wangboyang/Documents/ai_interview_success/entry/hvigorfile.ts
[2026-05-31T10:36:03.121] [DEBUG] debug-file - hvigorfile, resolve hvigorfile dependencies in 36 ms 
[2026-05-31T10:36:03.121] [DEBUG] debug-file - project has submodules:entry
[2026-05-31T10:36:03.122] [DEBUG] debug-file - start to load updatedOhPackageInfo to the disk
[2026-05-31T10:36:03.122] [DEBUG] debug-file - load to the disk finished
[2026-05-31T10:36:03.123] [DEBUG] debug-file - Start to initialize dependency information.
[2026-05-31T10:36:03.123] [DEBUG] debug-file - Module ai_interview_success Collected Dependency: /Users/wangboyang/Documents/ai_interview_success/oh_modules/.ohpm/@ohos+axios@2.2.10/oh_modules/@ohos/axios
[2026-05-31T10:36:03.123] [DEBUG] debug-file - Module ai_interview_success's total dependency: 1
[2026-05-31T10:36:03.124] [DEBUG] debug-file - Start to initialize dependency information.
[2026-05-31T10:36:03.124] [DEBUG] debug-file - Module entry Collected Dependency: /Users/wangboyang/Documents/ai_interview_success/oh_modules/.ohpm/@ohos+axios@2.2.10/oh_modules/@ohos/axios
[2026-05-31T10:36:03.124] [DEBUG] debug-file - Module entry's total dependency: 1
[2026-05-31T10:36:03.125] [DEBUG] debug-file - Configuration phase cost:111 ms 
[2026-05-31T10:36:03.126] [DEBUG] debug-file - Configuration task cost before running: 116 ms 
[2026-05-31T10:36:03.127] [DEBUG] debug-file - Executing task :entry:default@PreBuild
[2026-05-31T10:36:03.128] [DEBUG] debug-file - Task 'entry:default@PreBuild' cost while wrapping incremental declarations: 1 ms 
[2026-05-31T10:36:03.130] [DEBUG] debug-file - Incremental task entry:default@PreBuild pre-execution cost: 2 ms .
[2026-05-31T10:36:03.130] [DEBUG] debug-file - entry : default@PreBuild cost memory 0.52886962890625
[2026-05-31T10:36:03.130] [INFO] debug-file - UP-TO-DATE :entry:default@PreBuild...  
[2026-05-31T10:36:03.130] [DEBUG] debug-file - Executing task :entry:default@CreateModuleInfo
[2026-05-31T10:36:03.130] [DEBUG] debug-file - Task 'entry:default@CreateModuleInfo' cost while wrapping incremental declarations: 1 ms 
[2026-05-31T10:36:03.130] [DEBUG] debug-file - entry : default@CreateModuleInfo cost memory 0.0404205322265625
[2026-05-31T10:36:03.130] [DEBUG] debug-file - runTaskFromQueue task cost before running: 120 ms 
[2026-05-31T10:36:03.130] [INFO] debug-file - Finished :entry:default@CreateModuleInfo... after 1 ms 
[2026-05-31T10:36:03.131] [DEBUG] debug-file - Executing task :entry:default@GenerateMetadata
[2026-05-31T10:36:03.131] [DEBUG] debug-file - Task 'entry:default@GenerateMetadata' cost while wrapping incremental declarations: 1 ms 
[2026-05-31T10:36:03.131] [DEBUG] debug-file - Incremental task entry:default@GenerateMetadata pre-execution cost: 1 ms .
[2026-05-31T10:36:03.131] [DEBUG] debug-file - entry : default@GenerateMetadata cost memory 0.0767364501953125
[2026-05-31T10:36:03.131] [INFO] debug-file - UP-TO-DATE :entry:default@GenerateMetadata...  
[2026-05-31T10:36:03.131] [DEBUG] debug-file - Executing task :entry:default@ConfigureCmake
[2026-05-31T10:36:03.131] [DEBUG] debug-file - entry : default@ConfigureCmake cost memory 0.014617919921875
[2026-05-31T10:36:03.131] [DEBUG] debug-file - runTaskFromQueue task cost before running: 121 ms 
[2026-05-31T10:36:03.131] [INFO] debug-file - Finished :entry:default@ConfigureCmake... after 1 ms 
[2026-05-31T10:36:03.131] [DEBUG] debug-file - Executing task :entry:default@MergeProfile
[2026-05-31T10:36:03.131] [DEBUG] debug-file - Task 'entry:default@MergeProfile' cost while wrapping incremental declarations: 1 ms 
[2026-05-31T10:36:03.132] [DEBUG] debug-file - Incremental task entry:default@MergeProfile pre-execution cost: 1 ms .
[2026-05-31T10:36:03.132] [DEBUG] debug-file - entry : default@MergeProfile cost memory 0.11572265625
[2026-05-31T10:36:03.132] [INFO] debug-file - UP-TO-DATE :entry:default@MergeProfile...  
[2026-05-31T10:36:03.132] [DEBUG] debug-file - Executing task :entry:default@CreateBuildProfile
[2026-05-31T10:36:03.132] [DEBUG] debug-file - Task 'entry:default@CreateBuildProfile' cost while wrapping incremental declarations: 1 ms 
[2026-05-31T10:36:03.132] [DEBUG] debug-file - Incremental task entry:default@CreateBuildProfile pre-execution cost: 1 ms .
[2026-05-31T10:36:03.132] [DEBUG] debug-file - entry : default@CreateBuildProfile cost memory 0.09095001220703125
[2026-05-31T10:36:03.132] [INFO] debug-file - UP-TO-DATE :entry:default@CreateBuildProfile...  
[2026-05-31T10:36:03.132] [DEBUG] debug-file - Executing task :entry:default@PreCheckSyscap
[2026-05-31T10:36:03.132] [DEBUG] debug-file - entry : default@PreCheckSyscap cost memory 0.01476287841796875
[2026-05-31T10:36:03.132] [DEBUG] debug-file - runTaskFromQueue task cost before running: 123 ms 
[2026-05-31T10:36:03.132] [INFO] debug-file - Finished :entry:default@PreCheckSyscap... after 1 ms 
[2026-05-31T10:36:03.133] [DEBUG] debug-file - Executing task :entry:default@GeneratePkgContextInfo
[2026-05-31T10:36:03.133] [DEBUG] debug-file - Task 'entry:default@GeneratePkgContextInfo' cost while wrapping incremental declarations: 1 ms 
[2026-05-31T10:36:03.133] [DEBUG] debug-file - Incremental task entry:default@GeneratePkgContextInfo pre-execution cost: 1 ms .
[2026-05-31T10:36:03.133] [DEBUG] debug-file - entry : default@GeneratePkgContextInfo cost memory 0.25493621826171875
[2026-05-31T10:36:03.134] [INFO] debug-file - UP-TO-DATE :entry:default@GeneratePkgContextInfo...  
[2026-05-31T10:36:03.135] [DEBUG] debug-file - Executing task :entry:default@GeneratePkgSdkInfo
[2026-05-31T10:36:03.135] [DEBUG] debug-file - Task 'entry:default@GeneratePkgSdkInfo' cost while wrapping incremental declarations: 1 ms 
[2026-05-31T10:36:03.135] [DEBUG] debug-file - entry : default@GeneratePkgSdkInfo cost memory 0.10980987548828125
[2026-05-31T10:36:03.135] [DEBUG] debug-file - runTaskFromQueue task cost before running: 125 ms 
[2026-05-31T10:36:03.135] [INFO] debug-file - Finished :entry:default@GeneratePkgSdkInfo... after 1 ms 
[2026-05-31T10:36:03.135] [DEBUG] debug-file - Executing task :entry:default@ProcessIntegratedHsp
[2026-05-31T10:36:03.135] [DEBUG] debug-file - entry:default@ProcessIntegratedHsp is not up-to-date, since the output file '/Users/wangboyang/Documents/ai_interview_success/build/cache/default/integrated_hsp/integratedHspCache.json' does not exist.
[2026-05-31T10:36:03.136] [DEBUG] debug-file - Incremental task entry:default@ProcessIntegratedHsp pre-execution cost: 1 ms .
[2026-05-31T10:36:03.136] [DEBUG] debug-file - entry : default@ProcessIntegratedHsp cost memory 0.05648040771484375
[2026-05-31T10:36:03.136] [DEBUG] debug-file - runTaskFromQueue task cost before running: 126 ms 
[2026-05-31T10:36:03.136] [INFO] debug-file - Finished :entry:default@ProcessIntegratedHsp... after 1 ms 
[2026-05-31T10:36:03.136] [DEBUG] debug-file - Executing task :entry:default@BuildNativeWithCmake
[2026-05-31T10:36:03.136] [DEBUG] debug-file - entry : default@BuildNativeWithCmake cost memory 0.0145416259765625
[2026-05-31T10:36:03.136] [DEBUG] debug-file - runTaskFromQueue task cost before running: 126 ms 
[2026-05-31T10:36:03.136] [INFO] debug-file - Finished :entry:default@BuildNativeWithCmake... after 1 ms 
[2026-05-31T10:36:03.136] [DEBUG] debug-file - Executing task :entry:default@MakePackInfo
[2026-05-31T10:36:03.136] [DEBUG] debug-file - Incremental task entry:default@MakePackInfo pre-execution cost: 1 ms .
[2026-05-31T10:36:03.136] [DEBUG] debug-file - entry : default@MakePackInfo cost memory 0.18518829345703125
[2026-05-31T10:36:03.137] [INFO] debug-file - UP-TO-DATE :entry:default@MakePackInfo...  
[2026-05-31T10:36:03.137] [DEBUG] debug-file - Executing task :entry:default@SyscapTransform
[2026-05-31T10:36:03.137] [DEBUG] debug-file - File: '/Users/wangboyang/Documents/ai_interview_success/entry/src/main/syscap.json' from 'sysCapJsonPath' is not exists, just ignore.
[2026-05-31T10:36:03.137] [DEBUG] debug-file - Task 'entry:default@SyscapTransform' cost while wrapping incremental declarations: 1 ms 
[2026-05-31T10:36:03.137] [DEBUG] debug-file - entry:default@SyscapTransform is not up-to-date, since the output file '/Users/wangboyang/Documents/ai_interview_success/entry/build/default/intermediates/syscap/default/rpcid.sc' does not exist.
[2026-05-31T10:36:03.137] [DEBUG] debug-file - Incremental task entry:default@SyscapTransform pre-execution cost: 1 ms .
[2026-05-31T10:36:03.137] [DEBUG] debug-file - entry : default@SyscapTransform cost memory 0.10614013671875
[2026-05-31T10:36:03.137] [DEBUG] debug-file - runTaskFromQueue task cost before running: 127 ms 
[2026-05-31T10:36:03.137] [INFO] debug-file - Finished :entry:default@SyscapTransform... after 1 ms 
[2026-05-31T10:36:03.137] [DEBUG] debug-file - Executing task :entry:default@ProcessProfile
[2026-05-31T10:36:03.138] [DEBUG] debug-file - Task 'entry:default@ProcessProfile' cost while wrapping incremental declarations: 1 ms 
[2026-05-31T10:36:03.138] [DEBUG] debug-file - Incremental task entry:default@ProcessProfile pre-execution cost: 1 ms .
[2026-05-31T10:36:03.138] [DEBUG] debug-file - entry : default@ProcessProfile cost memory 0.12076568603515625
[2026-05-31T10:36:03.138] [INFO] debug-file - UP-TO-DATE :entry:default@ProcessProfile...  
[2026-05-31T10:36:03.138] [DEBUG] debug-file - Executing task :entry:default@ProcessRouterMap
[2026-05-31T10:36:03.138] [DEBUG] debug-file - Incremental task entry:default@ProcessRouterMap pre-execution cost: 1 ms .
[2026-05-31T10:36:03.138] [DEBUG] debug-file - entry : default@ProcessRouterMap cost memory 0.14160919189453125
[2026-05-31T10:36:03.139] [INFO] debug-file - UP-TO-DATE :entry:default@ProcessRouterMap...  
[2026-05-31T10:36:03.139] [DEBUG] debug-file - Executing task :entry:default@ProcessShareConfig
[2026-05-31T10:36:03.139] [DEBUG] debug-file - Incremental task entry:default@ProcessShareConfig pre-execution cost: 1 ms .
[2026-05-31T10:36:03.139] [DEBUG] debug-file - entry : default@ProcessShareConfig cost memory 0.12108612060546875
[2026-05-31T10:36:03.139] [INFO] debug-file - UP-TO-DATE :entry:default@ProcessShareConfig...  
[2026-05-31T10:36:03.140] [DEBUG] debug-file - Executing task :entry:default@ProcessStartupConfig
[2026-05-31T10:36:03.140] [DEBUG] debug-file - Task 'entry:default@ProcessStartupConfig' cost while wrapping incremental declarations: 1 ms 
[2026-05-31T10:36:03.140] [DEBUG] debug-file - entry:default@ProcessStartupConfig is not up-to-date, since the output file '/Users/wangboyang/Documents/ai_interview_success/entry/build/default/intermediates/startup/default/startup_config.json' does not exist.
[2026-05-31T10:36:03.140] [DEBUG] debug-file - Incremental task entry:default@ProcessStartupConfig pre-execution cost: 1 ms .
[2026-05-31T10:36:03.140] [DEBUG] debug-file - entry : default@ProcessStartupConfig cost memory 0.1348114013671875
[2026-05-31T10:36:03.140] [DEBUG] debug-file - runTaskFromQueue task cost before running: 131 ms 
[2026-05-31T10:36:03.140] [INFO] debug-file - Finished :entry:default@ProcessStartupConfig... after 1 ms 
[2026-05-31T10:36:03.141] [DEBUG] debug-file - Executing task :entry:default@BuildNativeWithNinja
[2026-05-31T10:36:03.141] [DEBUG] debug-file - entry : default@BuildNativeWithNinja cost memory 0.01970672607421875
[2026-05-31T10:36:03.141] [DEBUG] debug-file - runTaskFromQueue task cost before running: 131 ms 
[2026-05-31T10:36:03.141] [INFO] debug-file - Finished :entry:default@BuildNativeWithNinja... after 1 ms 
[2026-05-31T10:36:03.141] [DEBUG] debug-file - restool module names: entry; moduleName=entry, taskName=default@ProcessResource
[2026-05-31T10:36:03.142] [DEBUG] debug-file - Executing task :entry:default@ProcessResource
[2026-05-31T10:36:03.142] [DEBUG] debug-file - Task 'entry:default@ProcessResource' cost while wrapping incremental declarations: 1 ms 
[2026-05-31T10:36:03.142] [DEBUG] debug-file - Incremental task entry:default@ProcessResource pre-execution cost: 1 ms .
[2026-05-31T10:36:03.142] [DEBUG] debug-file - entry : default@ProcessResource cost memory 0.12273406982421875
[2026-05-31T10:36:03.142] [INFO] debug-file - UP-TO-DATE :entry:default@ProcessResource...  
[2026-05-31T10:36:03.143] [DEBUG] debug-file - Executing task :entry:default@GenerateLoaderJson
[2026-05-31T10:36:03.143] [DEBUG] debug-file - Task 'entry:default@GenerateLoaderJson' cost while wrapping incremental declarations: 1 ms 
[2026-05-31T10:36:03.145] [DEBUG] debug-file - Incremental task entry:default@GenerateLoaderJson pre-execution cost: 2 ms .
[2026-05-31T10:36:03.145] [DEBUG] debug-file - entry : default@GenerateLoaderJson cost memory 0.5286941528320312
[2026-05-31T10:36:03.146] [INFO] debug-file - UP-TO-DATE :entry:default@GenerateLoaderJson...  
[2026-05-31T10:36:03.146] [DEBUG] debug-file - Executing task :entry:default@ProcessLibs
[2026-05-31T10:36:03.147] [DEBUG] debug-file - Incremental task entry:default@ProcessLibs pre-execution cost: 1 ms .
[2026-05-31T10:36:03.147] [DEBUG] debug-file - entry : default@ProcessLibs cost memory 0.14667510986328125
[2026-05-31T10:36:03.147] [INFO] debug-file - UP-TO-DATE :entry:default@ProcessLibs...  
[2026-05-31T10:36:03.147] [DEBUG] debug-file - restool module names: entry; moduleName=entry, taskName=default@CompileResource
[2026-05-31T10:36:03.148] [DEBUG] debug-file - Executing task :entry:default@CompileResource
[2026-05-31T10:36:03.154] [DEBUG] debug-file - Incremental task entry:default@CompileResource pre-execution cost: 6 ms .
[2026-05-31T10:36:03.154] [DEBUG] debug-file - entry : default@CompileResource cost memory -3.40667724609375
[2026-05-31T10:36:03.154] [INFO] debug-file - UP-TO-DATE :entry:default@CompileResource...  
[2026-05-31T10:36:03.154] [DEBUG] debug-file - Executing task :entry:default@DoNativeStrip
[2026-05-31T10:36:03.154] [DEBUG] debug-file - File: '/Users/wangboyang/Documents/ai_interview_success/entry/build/default/intermediates/binxo/default' from 'doBinxoNativeLibs' is not exists, just ignore.
[2026-05-31T10:36:03.155] [DEBUG] debug-file - Task 'entry:default@DoNativeStrip' cost while wrapping incremental declarations: 1 ms 
[2026-05-31T10:36:03.155] [DEBUG] debug-file - Incremental task entry:default@DoNativeStrip pre-execution cost: 1 ms .
[2026-05-31T10:36:03.155] [DEBUG] debug-file - entry : default@DoNativeStrip cost memory 0.07764434814453125
[2026-05-31T10:36:03.155] [INFO] debug-file - UP-TO-DATE :entry:default@DoNativeStrip...  
[2026-05-31T10:36:03.155] [DEBUG] debug-file - Executing task :entry:default@CompileArkTS
[2026-05-31T10:36:03.155] [DEBUG] debug-file - obfuscationOptions: undefined
[2026-05-31T10:36:03.156] [DEBUG] debug-file - Task 'entry:default@CompileArkTS' cost while wrapping incremental declarations: 1 ms 
[2026-05-31T10:36:03.158] [DEBUG] debug-file - entry:default@CompileArkTS is not up-to-date, since the input file '/Users/wangboyang/Documents/ai_interview_success/entry/src/main/ets' has been changed.
[2026-05-31T10:36:03.158] [DEBUG] debug-file - Incremental task entry:default@CompileArkTS pre-execution cost: 2 ms .
[2026-05-31T10:36:03.161] [DEBUG] debug-file - build config:
[2026-05-31T10:36:03.161] [DEBUG] debug-file - {
  moduleType: 'entry',
  perf: 0,
  targetName: '.default',
  packageManagerType: 'ohpm',
  localPropertiesPath: '/Users/wangboyang/Documents/ai_interview_success/local.properties',
  isPreview: false,
  isOhosTest: false,
  isLocalTest: false,
  buildMode: 'Debug',
  hotReloadBuild: undefined,
  watchMode: 'false',
  aceProfilePath: '/Users/wangboyang/Documents/ai_interview_success/entry/build/default/intermediates/res/default/resources/base/profile',
  etsLoaderPath: '/Applications/DevEco-Studio.app/Contents/sdk/default/openharmony/ets/build-tools/ets-loader',
  modulePath: '/Users/wangboyang/Documents/ai_interview_success/entry',
  testFrameworkPar: {
    testMode: undefined,
    coveragePathFilter: undefined,
    coverageMode: undefined
  },
  needCoverageInsert: false,
  debugLine: false,
  projectTopDir: '/Users/wangboyang/Documents/ai_interview_success',
  compileSdkVersion: 24,
  compatibleSdkVersion: 23,
  originCompatibleSdkVersion: '6.1.0(23)',
  compatibleSdkVersionStage: undefined,
  bundleName: 'c***i',
  etsLoaderVersion: '6.1.1.125',
  etsLoaderReleaseType: 'Release',
  aotCompileMode: 'type',
  apPath: '/Users/wangboyang/Documents/ai_interview_success/entry/modules.ap',
  entryModuleName: 'entry',
  entryModuleVersion: '1.0.0',
  entryPackageName: 'entry',
  allModuleNameHash: '216921b453d79e587336c9639f8c52cce102a4ea1cd2442a1dd7d7613a38ca9b',
  externalApiPaths: [ '/Applications/DevEco-Studio.app/Contents/sdk/default/hms/ets' ],
  compilerTypes: [],
  isCrossplatform: false,
  hvigorPluginFile: undefined,
  compilePluginPath: undefined,
  buildGeneratedProfilePath: '/Users/wangboyang/Documents/ai_interview_success/entry/build/default/generated/profile/default',
  bundleType: 'app',
  arkTSVersion: undefined,
  apiVersion: 24,
  needCompleteSourcesMap: false,
  isFaMode: false,
  buildDir: '/Users/wangboyang/Documents/ai_interview_success/entry/build',
  deviceTypes: [ 'phone', 'tablet', '2in1' ],
  pkgContextInfo: {
    '@ohos/axios': {
      packageName: '@ohos/axios',
      bundleName: '*****',
      moduleName: '',
      version: '2.2.10',
      entryPath: 'index.js',
      isSO: false,
      dependencyAlias: ''
    },
    '@ohos/hypium': {
      packageName: '@ohos/hypium',
      bundleName: '*****',
      moduleName: '',
      version: '1.0.25',
      entryPath: 'index.js',
      isSO: false,
      dependencyAlias: ''
    },
    '@ohos/hamock': {
      packageName: '@ohos/hamock',
      bundleName: '*****',
      moduleName: '',
      version: '1.0.0',
      entryPath: 'index.ets',
      isSO: false,
      dependencyAlias: ''
    },
    entry: {
      packageName: 'entry',
      bundleName: '*****',
      moduleName: '',
      version: '',
      entryPath: 'src/main/',
      isSO: false,
      dependencyAlias: ''
    }
  },
  ohPackagePathMap: {},
  dependencyAliasMap: {},
  permission: { requestPermissions: [ [Object] ], definePermissions: undefined },
  useGetCurrentBundleName: false,
  projectArkOption: undefined,
  sourceMapDir: undefined,
  branchElimination: false,
  transformLib: undefined,
  tsImportSendable: false,
  resolveConflictMode: true,
  depName2RootPath: {},
  depName2DepInfo: {},
  depName2OhExports: {},
  rootPathSet: [ '/Users/wangboyang/Documents/ai_interview_success' ],
  useNativeResolver: true,
  shouldEmitJs: true,
  useTscResolve: false,
  singleFileEmit: false,
  userProjectConfig: {
    autoLazyImport: false,
    allowEmptyBundleName: false,
    reExportCheckMode: 'noCheck',
    executionMode: 'memory',
    usePathPlaceholder: false,
    writeRollupCache: true,
    isExpandImportEnabled: false,
    expandImportExclude: '',
    lazyImportExclude: '',
    lazyImportInclude: '',
    ignoreCrossplatformCheck: false,
    isHarDeduplicateEnabled: false,
    skipOhModulesLint: false,
    enableStrictCheckOHModule: false,
    disableSendableCheckRules: [],
    useDeclarationFileSignature: false,
    customizedOptions: undefined,
    integratedHsp: false,
    isPreloadSoEnabled: false
  },
  executionMode: 'memory',
  arkCompileCachePath: '/Users/wangboyang/Documents/ai_interview_success/entry/build/default/cache/default/default@CompileArkTS/esmodule',
  autoLazyFilter: undefined,
  isHarDeduplicateEnabled: false,
  intermediateHarDuplicateDirPath: '/Users/wangboyang/Documents/ai_interview_success/entry/build/default/intermediates/har_duplicate/default',
  autoLazyImport: false,
  allowEmptyBundleName: false,
  reExportCheckMode: 'noCheck',
  usePathPlaceholder: false,
  writeRollupCache: true,
  isExpandImportEnabled: false,
  expandImportExclude: '',
  lazyImportExclude: '',
  lazyImportInclude: '',
  ignoreCrossplatformCheck: false,
  skipOhModulesLint: false,
  enableStrictCheckOHModule: false,
  disableSendableCheckRules: [],
  useDeclarationFileSignature: false,
  customizedOptions: undefined,
  integratedHsp: false,
  isPreloadSoEnabled: false,
  strictMode: {
    caseSensitiveCheck: true,
    useNormalizedOHMUrl: true,
    noExternalImportByPath: true
  },
  useNormalizedOHMUrl: true,
  caseSensitiveCheck: true,
  strictCheckerOnly: false,
  aceModuleJsonPath: '/Users/wangboyang/Documents/ai_interview_success/entry/build/default/intermediates/res/default/ark_module.json',
  appResource: '/Users/wangboyang/Documents/ai_interview_success/entry/build/default/intermediates/res/default/ResourceTable.txt',
  rawFileResource: '/Users/wangboyang/Documents/ai_interview_success/entry/build/default/intermediates/res/default/resources/rawfile',
  resourceTableHash: 'c64a2e365c6804d3e0c71b3b7a72893c1508823ae83f2f56cc5c7c199797763c',
  runtimeOS: 'HarmonyOS',
  sdkInfo: 'false:24:6.1.1.125:Release',
  aceModuleRoot: '/Users/wangboyang/Documents/ai_interview_success/entry/src/main/ets',
  compileMode: 'esmodule',
  aceSuperVisualPath: '/Users/wangboyang/Documents/ai_interview_success/entry/src/main/supervisual',
  aceBuildJson: '/Users/wangboyang/Documents/ai_interview_success/entry/build/default/intermediates/loader/default/loader.json',
  cachePath: '/Users/wangboyang/Documents/ai_interview_success/entry/build/default/cache/default/default@CompileArkTS/esmodule/debug',
  aceModuleBuild: '/Users/wangboyang/Documents/ai_interview_success/entry/build/default/intermediates/loader_out/default/ets',
  supportChunks: true,
  declaredFilesPath: undefined,
  shouldCollectDirectImportees: false,
  isByteCodeHarOptimize: false,
  expandImportPath: undefined,
  resourceTableTs: '/Users/wangboyang/Documents/ai_interview_success/entry/build/default/generated/r/default/ResourceTable.ts',
  moduleMetaInfoFiles: [
    {
      filePath: '/Users/wangboyang/Documents/ai_interview_success/entry/build/default/generated/r/default/ResourceTable.ts',
      ohmurl: '&entry/build/generated/r/ResourceTable&'
    }
  ],
  pkgNameToPkgBriefInfo: {
    '@ohos/axios': {
      pkgRoot: '/Users/wangboyang/Documents/ai_interview_success/oh_modules/.ohpm/@ohos+axios@2.2.10/oh_modules/@ohos/axios',
      pkgName: '@ohos/axios',
      sourceRoots: [Array]
    },
    entry: {
      pkgRoot: '/Users/wangboyang/Documents/ai_interview_success/entry',
      originalSourceRoots: undefined,
      sourceRoots: [Array],
      pkgName: 'entry'
    }
  },
  projectModel: {
    '/Users/wangboyang/Documents/ai_interview_success/entry/src/main': {
      moduleName: 'entry',
      modulePkgPath: '/Users/wangboyang/Documents/ai_interview_success/entry',
      belongProjectPath: '/Users/wangboyang/Documents/ai_interview_success'
    },
    '/Users/wangboyang/Documents/ai_interview_success/entry/.test/default/intermediates/src/ohosTest/ets': {
      moduleName: 'entry_test',
      modulePkgPath: '/Users/wangboyang/Documents/ai_interview_success/entry',
      belongProjectPath: '/Users/wangboyang/Documents/ai_interview_success'
    },
    '/Users/wangboyang/Documents/ai_interview_success/entry/src/ohosTest': {
      moduleName: 'entry_test',
      modulePkgPath: '/Users/wangboyang/Documents/ai_interview_success/entry',
      belongProjectPath: '/Users/wangboyang/Documents/ai_interview_success'
    },
    '/Users/wangboyang/Documents/ai_interview_success/entry': {
      moduleName: 'entry',
      modulePkgPath: '/Users/wangboyang/Documents/ai_interview_success/entry',
      belongProjectPath: '/Users/wangboyang/Documents/ai_interview_success'
    },
    '/Users/wangboyang/Documents/ai_interview_success': {
      moduleName: 'ai_interview_success',
      modulePkgPath: '/Users/wangboyang/Documents/ai_interview_success',
      belongProjectPath: '/Users/wangboyang/Documents/ai_interview_success'
    }
  },
  pkgJsonFileHash: '0ea6a217f6fe89599b794a8802a1ba868831a3b5a807fe1ffc56cf5b7ba96c77',
  allModulePaths: [ '/Users/wangboyang/Documents/ai_interview_success/entry' ],
  routerMap: {},
  obfuscationOptions: undefined,
  byteCodeHarToDependencyKeys: undefined,
  compileBlockPkg: [],
  mockParams: {
    decorator: '@MockSetup',
    packageName: '@ohos/hamock',
    etsSourceRootPath: 'src/main/ets',
    mockConfigPath: '/Users/wangboyang/Documents/ai_interview_success/entry/src/mock/mock-config.json5',
    mockConfigKey2ModuleInfo: {},
    source2ModuleIdMap: {}
  },
  copyCodeResourceEnable: false,
  copyCodeResourceExcludes: [],
  copyCodeResourceIncludes: undefined,
  uiTransformOptimization: false,
  sdkPath: '/Applications/DevEco-Studio.app/Contents/sdk',
  needPreloadSoFileSet: {},
  preloadSoFilePath: '/Users/wangboyang/Documents/ai_interview_success/entry/build/default/intermediates/preload/default/preload.json',
  useSourceHash: false,
  localModuleParamMap: {},
  otherPaths: {
    '@ohos/axios/*': [
      '../../../../oh_modules/.ohpm/@ohos+axios@2.2.10/oh_modules/@ohos/axios/src/main/*'
    ],
    'entry/*': [ '../*', '../../../build/default/generated/profile/default/*' ]
  },
  collectImportersConfig: undefined
}
[2026-05-31T10:36:03.161] [DEBUG] debug-file - Compile arkts with external api path: /Applications/DevEco-Studio.app/Contents/sdk/default/hms/ets
[2026-05-31T10:36:03.161] [DEBUG] debug-file - default@CompileArkTS work[3] is submitted.
[2026-05-31T10:36:03.161] [DEBUG] debug-file - default@CompileArkTS work[3] is pushed to ready queue.
[2026-05-31T10:36:03.161] [DEBUG] debug-file - A work dispatched to worker[11] failed because unable to get work from ready queue.
[2026-05-31T10:36:03.161] [DEBUG] debug-file - A work dispatched to worker[10] failed because unable to get work from ready queue.
[2026-05-31T10:36:03.161] [DEBUG] debug-file - A work dispatched to worker[9] failed because unable to get work from ready queue.
[2026-05-31T10:36:03.161] [DEBUG] debug-file - A work dispatched to worker[8] failed because unable to get work from ready queue.
[2026-05-31T10:36:03.161] [DEBUG] debug-file - A work dispatched to worker[7] failed because unable to get work from ready queue.
[2026-05-31T10:36:03.161] [DEBUG] debug-file - A work dispatched to worker[6] failed because unable to get work from ready queue.
[2026-05-31T10:36:03.161] [DEBUG] debug-file - A work dispatched to worker[5] failed because unable to get work from ready queue.
[2026-05-31T10:36:03.161] [DEBUG] debug-file - default@CompileArkTS work[3] has been dispatched to worker[4].
[2026-05-31T10:36:03.161] [DEBUG] debug-file - default@CompileArkTS work[3] is dispatched.
[2026-05-31T10:36:03.162] [DEBUG] debug-file - entry : default@CompileArkTS cost memory 1.87298583984375
[2026-05-31T10:36:03.162] [DEBUG] debug-file - Executing task :entry:default@BuildJS
[2026-05-31T10:36:03.162] [DEBUG] debug-file - Task 'entry:default@BuildJS' cost while wrapping incremental declarations: 1 ms 
[2026-05-31T10:36:03.162] [DEBUG] debug-file - entry : default@BuildJS cost memory 0.13170623779296875
[2026-05-31T10:36:03.162] [DEBUG] debug-file - runTaskFromQueue task cost before running: 153 ms 
[2026-05-31T10:36:03.162] [INFO] debug-file - Finished :entry:default@BuildJS... after 1 ms 
[2026-05-31T10:36:03.163] [DEBUG] debug-file - Executing task :entry:default@CacheNativeLibs
[2026-05-31T10:36:03.163] [DEBUG] debug-file - File: '/Users/wangboyang/Documents/ai_interview_success/entry/build/default/intermediates/binxo/default' from 'cacheBinxoNativeLibs' is not exists, just ignore.
[2026-05-31T10:36:03.163] [DEBUG] debug-file - Task 'entry:default@CacheNativeLibs' cost while wrapping incremental declarations: 1 ms 
[2026-05-31T10:36:03.163] [DEBUG] debug-file - Incremental task entry:default@CacheNativeLibs pre-execution cost: 1 ms .
[2026-05-31T10:36:03.163] [DEBUG] debug-file - entry : default@CacheNativeLibs cost memory 0.0904541015625
[2026-05-31T10:36:03.163] [INFO] debug-file - UP-TO-DATE :entry:default@CacheNativeLibs...  
[2026-05-31T10:36:03.571] [WARN] debug-file - [33mWARN: [33m[33mArkTS:WARN File: /Users/wangboyang/Documents/ai_interview_success/entry/src/main/ets/commons/utils/HMScreenManager.ets:27:64
 'px2vp' has been deprecated.
[39m[39m
[33mWARN: [33m[33mArkTS:WARN File: /Users/wangboyang/Documents/ai_interview_success/entry/src/main/ets/commons/utils/HMScreenManager.ets:30:67
 'px2vp' has been deprecated.
[39m[39m
[33mWARN: [33m[33mArkTS:WARN File: /Users/wangboyang/Documents/ai_interview_success/entry/src/main/ets/commons/components/HMQuestionList.ets:33:5
 Function may throw exceptions. Special handling is required.
[39m[39m

[2026-05-31T10:36:03.572] [DEBUG] debug-file - Ark compile task finished.finished time is 13667406883875
[2026-05-31T10:36:03.572] [DEBUG] debug-file - worker[4] has one work done.
[2026-05-31T10:36:03.572] [DEBUG] debug-file - default@CompileArkTS work[3] done.
[2026-05-31T10:36:03.573] [INFO] debug-file - Finished :entry:default@CompileArkTS... after 417 ms 
[2026-05-31T10:36:03.573] [DEBUG] debug-file - Executing task :entry:default@GeneratePkgModuleJson
[2026-05-31T10:36:03.573] [DEBUG] debug-file - File: '/Users/wangboyang/Documents/ai_interview_success/entry/build/default/intermediates/preload/default/preload.json' from 'preloadSoJsonPath' is not exists, just ignore.
[2026-05-31T10:36:03.574] [DEBUG] debug-file - Error occurs while handling @Input 'shouldDeduplicateHar': The "data" argument must be of type string or an instance of Buffer, TypedArray, or DataView. Received undefined
[2026-05-31T10:36:03.574] [DEBUG] debug-file - Task 'entry:default@GeneratePkgModuleJson' cost while wrapping incremental declarations: 1 ms 
[2026-05-31T10:36:03.574] [DEBUG] debug-file - Incremental task entry:default@GeneratePkgModuleJson pre-execution cost: 1 ms .
[2026-05-31T10:36:03.574] [DEBUG] debug-file - entry : default@GeneratePkgModuleJson cost memory 0.08817291259765625
[2026-05-31T10:36:03.574] [INFO] debug-file - UP-TO-DATE :entry:default@GeneratePkgModuleJson...  
[2026-05-31T10:36:03.574] [DEBUG] debug-file - Executing task :entry:default@ProcessCompiledResources
[2026-05-31T10:36:03.574] [DEBUG] debug-file - File: '/Users/wangboyang/Documents/ai_interview_success/entry/build/default/intermediates/preload/default/preload.json' from 'preloadSoJsonPath' is not exists, just ignore.
[2026-05-31T10:36:03.574] [DEBUG] debug-file - Task 'entry:default@ProcessCompiledResources' cost while wrapping incremental declarations: 1 ms 
[2026-05-31T10:36:03.574] [DEBUG] debug-file - entry : default@ProcessCompiledResources cost memory 0.056060791015625
[2026-05-31T10:36:03.574] [DEBUG] debug-file - runTaskFromQueue task cost before running: 565 ms 
[2026-05-31T10:36:03.574] [INFO] debug-file - Finished :entry:default@ProcessCompiledResources... after 1 ms 
[2026-05-31T10:36:03.575] [DEBUG] debug-file - Executing task :entry:default@PackageHap
[2026-05-31T10:36:03.576] [DEBUG] debug-file - entry:default@PackageHap is not up-to-date, since the input file '/Users/wangboyang/Documents/ai_interview_success/entry/build/default/intermediates/loader_out/default/ets' has been changed.
[2026-05-31T10:36:03.576] [DEBUG] debug-file - Incremental task entry:default@PackageHap pre-execution cost: 2 ms .
[2026-05-31T10:36:03.577] [DEBUG] debug-file - Use tool [/Applications/DevEco-Studio.app/Contents/sdk/default/openharmony/toolchains/lib/app_packing_tool.jar]
 [
  'java',
  '-Dfile.encoding=utf-8',
  '-jar',
  '/Applications/DevEco-Studio.app/Contents/sdk/default/openharmony/toolchains/lib/app_packing_tool.jar',
  '--mode',
  'hap',
  '--force',
  'true',
  '--lib-path',
  '/Users/wangboyang/Documents/ai_interview_success/entry/build/default/intermediates/stripped_native_libs/default',
  '--json-path',
  '/Users/wangboyang/Documents/ai_interview_success/entry/build/default/intermediates/package/default/module.json',
  '--resources-path',
  '/Users/wangboyang/Documents/ai_interview_success/entry/build/default/intermediates/res/default/resources',
  '--index-path',
  '/Users/wangboyang/Documents/ai_interview_success/entry/build/default/intermediates/res/default/resources.index',
  '--pack-info-path',
  '/Users/wangboyang/Documents/ai_interview_success/entry/build/default/outputs/default/pack.info',
  '--out-path',
  '/Users/wangboyang/Documents/ai_interview_success/entry/build/default/outputs/default/entry-default-unsigned.hap',
  '--ets-path',
  '/Users/wangboyang/Documents/ai_interview_success/entry/build/default/intermediates/loader_out/default/ets',
  '--pkg-context-path',
  '/Users/wangboyang/Documents/ai_interview_success/entry/build/default/intermediates/loader/default/pkgContextInfo.json'
]
[2026-05-31T10:36:03.577] [DEBUG] debug-file - default@PackageHap work[4] is submitted.
[2026-05-31T10:36:03.577] [DEBUG] debug-file - default@PackageHap work[4] is pushed to ready queue.
[2026-05-31T10:36:03.577] [DEBUG] debug-file - A work dispatched to worker[11] failed because unable to get work from ready queue.
[2026-05-31T10:36:03.577] [DEBUG] debug-file - Create  resident worker with id: 10.
[2026-05-31T10:36:03.578] [DEBUG] debug-file - default@PackageHap work[4] has been dispatched to worker[10].
[2026-05-31T10:36:03.578] [DEBUG] debug-file - default@PackageHap work[4] is dispatched.
[2026-05-31T10:36:03.578] [DEBUG] debug-file - entry : default@PackageHap cost memory 1.006561279296875
[2026-05-31T10:36:03.820] [DEBUG] debug-file - current process  memoryUsage: {
  rss: 746110976,
  heapTotal: 78413824,
  heapUsed: 59397464,
  external: 3258051,
  arrayBuffers: 1104597
} os memoryUsage :17.938156127929688
[2026-05-31T10:36:04.019] [DEBUG] debug-file - worker[10] has one work done.
[2026-05-31T10:36:04.019] [DEBUG] debug-file - default@PackageHap work[4] done.
[2026-05-31T10:36:04.019] [DEBUG] debug-file - A work dispatched to worker[10] failed because unable to get work from ready queue.
[2026-05-31T10:36:04.019] [INFO] debug-file - Finished :entry:default@PackageHap... after 204 ms 
[2026-05-31T10:36:04.020] [DEBUG] debug-file - Executing task :entry:default@PackingCheck
[2026-05-31T10:36:04.021] [DEBUG] debug-file - entry : default@PackingCheck cost memory 0.5554122924804688
[2026-05-31T10:36:04.021] [DEBUG] debug-file - runTaskFromQueue task cost before running: 1 s 11 ms 
[2026-05-31T10:36:04.021] [INFO] debug-file - Finished :entry:default@PackingCheck... after 2 ms 
[2026-05-31T10:36:04.022] [DEBUG] debug-file - Executing task :entry:default@SignHap
[2026-05-31T10:36:04.022] [DEBUG] debug-file - entry:default@SignHap is not up-to-date, since the input file '/Users/wangboyang/Documents/ai_interview_success/entry/build/default/outputs/default/entry-default-unsigned.hap' has been changed.
[2026-05-31T10:36:04.022] [DEBUG] debug-file - Incremental task entry:default@SignHap pre-execution cost: 1 ms .
[2026-05-31T10:36:04.041] [DEBUG] debug-file - java daemon socket received message:{"code":0,"message":"verify profile success"}
[2026-05-31T10:36:04.042] [DEBUG] debug-file - java daemon socket close code:1000 reason:close by user
[2026-05-31T10:36:04.097] [DEBUG] debug-file - java daemon socket received message:{"code":0,"message":"sign app success"}
[2026-05-31T10:36:04.097] [DEBUG] debug-file - entry : default@SignHap cost memory 0.5434341430664062
[2026-05-31T10:36:04.097] [DEBUG] debug-file - runTaskFromQueue task cost before running: 1 s 87 ms 
[2026-05-31T10:36:04.097] [INFO] debug-file - Finished :entry:default@SignHap... after 76 ms 
[2026-05-31T10:36:04.098] [DEBUG] debug-file - Executing task :entry:default@CollectDebugSymbol
[2026-05-31T10:36:04.098] [DEBUG] debug-file - entry : default@CollectDebugSymbol cost memory 0.0874786376953125
[2026-05-31T10:36:04.098] [DEBUG] debug-file - runTaskFromQueue task cost before running: 1 s 88 ms 
[2026-05-31T10:36:04.098] [INFO] debug-file - Finished :entry:default@CollectDebugSymbol... after 1 ms 
[2026-05-31T10:36:04.098] [DEBUG] debug-file - Executing task :entry:assembleHap
[2026-05-31T10:36:04.098] [DEBUG] debug-file - entry : assembleHap cost memory 0.01264190673828125
[2026-05-31T10:36:04.098] [DEBUG] debug-file - runTaskFromQueue task cost before running: 1 s 88 ms 
[2026-05-31T10:36:04.098] [INFO] debug-file - Finished :entry:assembleHap... after 1 ms 
[2026-05-31T10:36:04.098] [INFO] debug-file - BUILD SUCCESSFUL in 1 s 89 ms 
[2026-05-31T10:36:04.098] [DEBUG] debug-file - There is no need to refresh cache, since the incremental task entry:default@PreBuild is up-to-date.
[2026-05-31T10:36:04.098] [DEBUG] debug-file - Update task entry:default@CreateModuleInfo output file:/Users/wangboyang/Documents/ai_interview_success/entry/build/default/generated/profile/default/ModuleInfo.ts cache.
[2026-05-31T10:36:04.098] [DEBUG] debug-file - Incremental task entry:default@CreateModuleInfo post-execution cost:1 ms .
[2026-05-31T10:36:04.098] [DEBUG] debug-file - There is no need to refresh cache, since the incremental task entry:default@GenerateMetadata is up-to-date.
[2026-05-31T10:36:04.098] [DEBUG] debug-file - There is no need to refresh cache, since the incremental task entry:default@MergeProfile is up-to-date.
[2026-05-31T10:36:04.098] [DEBUG] debug-file - There is no need to refresh cache, since the incremental task entry:default@CreateBuildProfile is up-to-date.
[2026-05-31T10:36:04.098] [DEBUG] debug-file - There is no need to refresh cache, since the incremental task entry:default@GeneratePkgContextInfo is up-to-date.
[2026-05-31T10:36:04.098] [DEBUG] debug-file - Update task entry:default@GeneratePkgSdkInfo output file:/Users/wangboyang/Documents/ai_interview_success/entry/build/default/intermediates/loader/default/pkgSdkInfo.json cache.
[2026-05-31T10:36:04.099] [DEBUG] debug-file - Incremental task entry:default@GeneratePkgSdkInfo post-execution cost:1 ms .
[2026-05-31T10:36:04.099] [DEBUG] debug-file - Update task entry:default@ProcessIntegratedHsp output file:/Users/wangboyang/Documents/ai_interview_success/build/cache/default/integrated_hsp/integratedHspCache.json cache.
[2026-05-31T10:36:04.099] [DEBUG] debug-file - Incremental task entry:default@ProcessIntegratedHsp post-execution cost:1 ms .
[2026-05-31T10:36:04.099] [DEBUG] debug-file - There is no need to refresh cache, since the incremental task entry:default@MakePackInfo is up-to-date.
[2026-05-31T10:36:04.099] [DEBUG] debug-file - Update task entry:default@SyscapTransform input file:/Applications/DevEco-Studio.app/Contents/sdk/default/openharmony/toolchains/syscap_tool cache by regenerate.
[2026-05-31T10:36:04.099] [DEBUG] debug-file - Update task entry:default@SyscapTransform input file:/Applications/DevEco-Studio.app/Contents/sdk/default/openharmony/ets/api/device-define cache by regenerate.
[2026-05-31T10:36:04.099] [DEBUG] debug-file - Update task entry:default@SyscapTransform output file:/Users/wangboyang/Documents/ai_interview_success/entry/build/default/intermediates/syscap/default/rpcid.sc cache.
[2026-05-31T10:36:04.099] [DEBUG] debug-file - Incremental task entry:default@SyscapTransform post-execution cost:1 ms .
[2026-05-31T10:36:04.099] [DEBUG] debug-file - There is no need to refresh cache, since the incremental task entry:default@ProcessProfile is up-to-date.
[2026-05-31T10:36:04.099] [DEBUG] debug-file - There is no need to refresh cache, since the incremental task entry:default@ProcessRouterMap is up-to-date.
[2026-05-31T10:36:04.099] [DEBUG] debug-file - There is no need to refresh cache, since the incremental task entry:default@ProcessShareConfig is up-to-date.
[2026-05-31T10:36:04.099] [DEBUG] debug-file - Update task entry:default@ProcessStartupConfig input file:/Users/wangboyang/Documents/ai_interview_success/entry/build/default/intermediates/loader/default/pkgContextInfo.json cache by regenerate.
[2026-05-31T10:36:04.099] [DEBUG] debug-file - Update task entry:default@ProcessStartupConfig output file:/Users/wangboyang/Documents/ai_interview_success/entry/build/default/intermediates/startup/default/startup_config.json cache.
[2026-05-31T10:36:04.099] [DEBUG] debug-file - Incremental task entry:default@ProcessStartupConfig post-execution cost:1 ms .
[2026-05-31T10:36:04.099] [DEBUG] debug-file - There is no need to refresh cache, since the incremental task entry:default@ProcessResource is up-to-date.
[2026-05-31T10:36:04.099] [DEBUG] debug-file - There is no need to refresh cache, since the incremental task entry:default@GenerateLoaderJson is up-to-date.
[2026-05-31T10:36:04.099] [DEBUG] debug-file - There is no need to refresh cache, since the incremental task entry:default@ProcessLibs is up-to-date.
[2026-05-31T10:36:04.099] [DEBUG] debug-file - There is no need to refresh cache, since the incremental task entry:default@CompileResource is up-to-date.
[2026-05-31T10:36:04.099] [DEBUG] debug-file - There is no need to refresh cache, since the incremental task entry:default@DoNativeStrip is up-to-date.
[2026-05-31T10:36:04.099] [DEBUG] debug-file - Update task entry:default@CompileArkTS input file:/Users/wangboyang/Documents/ai_interview_success/entry/build/default/intermediates/loader/default cache by regenerate.
[2026-05-31T10:36:04.099] [DEBUG] debug-file - Update task entry:default@CompileArkTS input file:/Users/wangboyang/Documents/ai_interview_success/oh_modules/.ohpm/@ohos+axios@2.2.10/oh_modules/@ohos/axios/index.js cache by regenerate.
[2026-05-31T10:36:04.099] [DEBUG] debug-file - Update task entry:default@CompileArkTS input file:/Users/wangboyang/Documents/ai_interview_success/oh_modules/.ohpm/@ohos+axios@2.2.10/oh_modules/@ohos/axios/src/main/ets cache by regenerate.
[2026-05-31T10:36:04.100] [DEBUG] debug-file - Update task entry:default@CompileArkTS input file:/Users/wangboyang/Documents/ai_interview_success/entry/build/default/intermediates/res/default/resources/rawfile cache by regenerate.
[2026-05-31T10:36:04.100] [DEBUG] debug-file - Update task entry:default@CompileArkTS input file:/Users/wangboyang/Documents/ai_interview_success/entry/build/default/intermediates/res/default/ResourceTable.txt cache by regenerate.
[2026-05-31T10:36:04.100] [DEBUG] debug-file - Update task entry:default@CompileArkTS input file:/Users/wangboyang/Documents/ai_interview_success/entry/build/default/intermediates/res/default/ark_module.json cache by regenerate.
[2026-05-31T10:36:04.100] [DEBUG] debug-file - Update task entry:default@CompileArkTS input file:/Users/wangboyang/Documents/ai_interview_success/entry/build/default/intermediates/res/default/resources/base/profile cache by regenerate.
[2026-05-31T10:36:04.100] [DEBUG] debug-file - Update task entry:default@CompileArkTS input file:/Users/wangboyang/Documents/ai_interview_success/entry/src/main/ets cache from map.
[2026-05-31T10:36:04.100] [DEBUG] debug-file - Update task entry:default@CompileArkTS input file:/Users/wangboyang/Documents/ai_interview_success/entry/build/default/intermediates/loader/default/pkgContextInfo.json cache by regenerate.
[2026-05-31T10:36:04.100] [DEBUG] debug-file - Update task entry:default@CompileArkTS input file:/Users/wangboyang/Documents/ai_interview_success/entry/build/default/generated/profile/default/BuildProfile.ets cache by regenerate.
[2026-05-31T10:36:04.101] [DEBUG] debug-file - Update task entry:default@CompileArkTS input file:/Users/wangboyang/Documents/ai_interview_success/entry/src/mock/mock-config.json5 cache by regenerate.
[2026-05-31T10:36:04.101] [DEBUG] debug-file - Update task entry:default@CompileArkTS output file:/Users/wangboyang/Documents/ai_interview_success/entry/build/default/intermediates/loader_out/default/ets cache.
[2026-05-31T10:36:04.101] [DEBUG] debug-file - Incremental task entry:default@CompileArkTS post-execution cost:2 ms .
[2026-05-31T10:36:04.101] [DEBUG] debug-file - Update task entry:default@BuildJS input file:/Users/wangboyang/Documents/ai_interview_success/entry/build/default/intermediates/loader/default cache by regenerate.
[2026-05-31T10:36:04.101] [DEBUG] debug-file - Update task entry:default@BuildJS input file:/Users/wangboyang/Documents/ai_interview_success/oh_modules/.ohpm/@ohos+axios@2.2.10/oh_modules/@ohos/axios/index.js cache by regenerate.
[2026-05-31T10:36:04.101] [DEBUG] debug-file - Update task entry:default@BuildJS input file:/Users/wangboyang/Documents/ai_interview_success/entry/build/default/intermediates/res/default/resources/rawfile cache by regenerate.
[2026-05-31T10:36:04.101] [DEBUG] debug-file - Update task entry:default@BuildJS input file:/Users/wangboyang/Documents/ai_interview_success/entry/build/default/intermediates/res/default/ResourceTable.txt cache by regenerate.
[2026-05-31T10:36:04.101] [DEBUG] debug-file - Update task entry:default@BuildJS input file:/Users/wangboyang/Documents/ai_interview_success/entry/build/default/intermediates/res/default/ark_module.json cache by regenerate.
[2026-05-31T10:36:04.101] [DEBUG] debug-file - Update task entry:default@BuildJS input file:/Users/wangboyang/Documents/ai_interview_success/entry/build/default/intermediates/res/default/resources/base/profile cache by regenerate.
[2026-05-31T10:36:04.101] [DEBUG] debug-file - Update task entry:default@BuildJS input file:/Users/wangboyang/Documents/ai_interview_success/entry/build/default/intermediates/loader/default/pkgContextInfo.json cache by regenerate.
[2026-05-31T10:36:04.101] [DEBUG] debug-file - Update task entry:default@BuildJS output file:/Users/wangboyang/Documents/ai_interview_success/entry/build/default/intermediates/loader_out/default/js cache.
[2026-05-31T10:36:04.101] [DEBUG] debug-file - Incremental task entry:default@BuildJS post-execution cost:1 ms .
[2026-05-31T10:36:04.101] [DEBUG] debug-file - There is no need to refresh cache, since the incremental task entry:default@CacheNativeLibs is up-to-date.
[2026-05-31T10:36:04.101] [DEBUG] debug-file - There is no need to refresh cache, since the incremental task entry:default@GeneratePkgModuleJson is up-to-date.
[2026-05-31T10:36:04.101] [DEBUG] debug-file - Incremental task entry:default@ProcessCompiledResources post-execution cost:1 ms .
[2026-05-31T10:36:04.101] [DEBUG] debug-file - Update task entry:default@PackageHap input file:/Users/wangboyang/Documents/ai_interview_success/entry/build/default/intermediates/stripped_native_libs/default cache by regenerate.
[2026-05-31T10:36:04.101] [DEBUG] debug-file - Update task entry:default@PackageHap input file:/Users/wangboyang/Documents/ai_interview_success/entry/build/default/intermediates/res/default/module.json cache by regenerate.
[2026-05-31T10:36:04.101] [DEBUG] debug-file - Update task entry:default@PackageHap input file:/Users/wangboyang/Documents/ai_interview_success/entry/build/default/intermediates/res/default/resources cache by regenerate.
[2026-05-31T10:36:04.102] [DEBUG] debug-file - Update task entry:default@PackageHap input file:/Users/wangboyang/Documents/ai_interview_success/entry/build/default/intermediates/res/default/resources.index cache by regenerate.
[2026-05-31T10:36:04.102] [DEBUG] debug-file - Update task entry:default@PackageHap input file:/Users/wangboyang/Documents/ai_interview_success/entry/build/default/outputs/default/pack.info cache by regenerate.
[2026-05-31T10:36:04.102] [DEBUG] debug-file - Update task entry:default@PackageHap input file:/Users/wangboyang/Documents/ai_interview_success/entry/build/default/intermediates/loader_out/default/ets cache from map.
[2026-05-31T10:36:04.102] [DEBUG] debug-file - Update task entry:default@PackageHap input file:/Users/wangboyang/Documents/ai_interview_success/entry/build/default/intermediates/loader/default/pkgContextInfo.json cache by regenerate.
[2026-05-31T10:36:04.102] [DEBUG] debug-file - Update task entry:default@PackageHap input file:/Users/wangboyang/Documents/ai_interview_success/entry/build/default/intermediates/loader_out/default/ets/sourceMaps.map cache by regenerate.
[2026-05-31T10:36:04.102] [DEBUG] debug-file - Update task entry:default@PackageHap input file:/Users/wangboyang/Documents/ai_interview_success/entry/build/default/generated/profile/default/BuildProfile.ets cache by regenerate.
[2026-05-31T10:36:04.102] [DEBUG] debug-file - Update task entry:default@PackageHap output file:/Users/wangboyang/Documents/ai_interview_success/entry/build/default/outputs/default/entry-default-unsigned.hap cache.
[2026-05-31T10:36:04.102] [DEBUG] debug-file - Update task entry:default@PackageHap output file:/Users/wangboyang/Documents/ai_interview_success/entry/build/default/intermediates/source_map/default/sourceMaps.map cache.
[2026-05-31T10:36:04.102] [DEBUG] debug-file - Update task entry:default@PackageHap output file:/Users/wangboyang/Documents/ai_interview_success/entry/build/default/outputs/default/mapping/sourceMaps.map cache.
[2026-05-31T10:36:04.102] [DEBUG] debug-file - Incremental task entry:default@PackageHap post-execution cost:2 ms .
[2026-05-31T10:36:04.103] [DEBUG] debug-file - Update task entry:default@SignHap input file:/Users/wangboyang/.ohos/config/default_ai_interview_success_YG4vTAwn3k7O9CsnB4bX6GP6MNFhnV2Uab5KHLSiLcY=.cer cache by regenerate.
[2026-05-31T10:36:04.103] [DEBUG] debug-file - Update task entry:default@SignHap input file:/Users/wangboyang/.ohos/config/default_ai_interview_success_YG4vTAwn3k7O9CsnB4bX6GP6MNFhnV2Uab5KHLSiLcY=.p7b cache by regenerate.
[2026-05-31T10:36:04.103] [DEBUG] debug-file - Update task entry:default@SignHap input file:/Users/wangboyang/.ohos/config/default_ai_interview_success_YG4vTAwn3k7O9CsnB4bX6GP6MNFhnV2Uab5KHLSiLcY=.p12 cache by regenerate.
[2026-05-31T10:36:04.103] [DEBUG] debug-file - Update task entry:default@SignHap input file:/Users/wangboyang/Documents/ai_interview_success/entry/build/default/outputs/default/entry-default-unsigned.hap cache from map.
[2026-05-31T10:36:04.103] [DEBUG] debug-file - Update task entry:default@SignHap output file:/Users/wangboyang/Documents/ai_interview_success/entry/build/default/outputs/default/entry-default-signed.hap cache.
[2026-05-31T10:36:04.103] [DEBUG] debug-file - Incremental task entry:default@SignHap post-execution cost:1 ms .
[2026-05-31T10:36:04.103] [DEBUG] debug-file - Update task entry:default@CollectDebugSymbol input file:/Users/wangboyang/Documents/ai_interview_success/entry/build/default/intermediates/loader_out/default/ets/sourceMaps.map cache by regenerate.
[2026-05-31T10:36:04.103] [DEBUG] debug-file - Update task entry:default@CollectDebugSymbol input file:/Users/wangboyang/Documents/ai_interview_success/entry/build/default/intermediates/libs/default cache by regenerate.
[2026-05-31T10:36:04.103] [DEBUG] debug-file - Update task entry:default@CollectDebugSymbol output file:/Users/wangboyang/Documents/ai_interview_success/entry/build/default/outputs/default/symbol cache.
[2026-05-31T10:36:04.103] [DEBUG] debug-file - Incremental task entry:default@CollectDebugSymbol post-execution cost:1 ms .
[2026-05-31T10:36:04.107] [DEBUG] debug-file - Cleanup worker 10.
[2026-05-31T10:36:04.107] [DEBUG] debug-file - Worker 10 has been cleaned up.
[2026-05-31T10:36:04.107] [DEBUG] debug-file - Current idle worker size: 1.
[2026-05-31T10:36:04.107] [DEBUG] debug-file - Current resident worker size: 2.
[2026-05-31T10:36:04.107] [DEBUG] debug-file - hvigor build process will be closed.
[2026-05-31T10:36:04.107] [DEBUG] debug-file - java daemon socket close code:1000 reason:close by user
[2026-05-31T10:36:04.109] [DEBUG] debug-file - session manager: send message to worker process.
[2026-05-31T10:36:04.110] [DEBUG] debug-file - session manager: send message to worker process.
[2026-05-31T10:36:04.110] [DEBUG] debug-file - watch worker: worker id should be larger than 0. Nothing will be sent to any worker thread.
[2026-05-31T10:36:04.110] [DEBUG] debug-file - watch worker: worker id should be larger than 0. Nothing will be sent to any worker thread.
[2026-05-31T10:36:04.110] [DEBUG] debug-file - worker[10] exits with exit code 1.
[2026-05-31T11:01:23.762] [DEBUG] debug-file - session manager: set active socket. socketId=tmLDwAEyRnlx4I1jAAAH
[2026-05-31T11:01:23.764] [DEBUG] debug-file - watch worker: worker id should be larger than 0. Nothing will be sent to any worker thread.
[2026-05-31T11:01:23.766] [DEBUG] debug-file - Workers' log level updated to INFO
[2026-05-31T11:01:23.767] [DEBUG] debug-file - Hvigor init with startParameters:{
  hvigorfileTypeCheck: false,
  parallelExecution: true,
  incrementalExecution: true,
  printStackTrace: false,
  daemon: true,
  analyze: 0,
  logLevel: Level { level: 20000, levelStr: 'INFO', colour: 'green' },
  optimizationStrategy: 'memory',
  hotCompile: undefined,
  hotReloadBuild: undefined,
  customizedParam: undefined
}
[2026-05-31T11:01:23.769] [DEBUG] debug-file - Cache service initialization finished in 3 ms 
[2026-05-31T11:01:23.769] [DEBUG] debug-file - hvigorfile, resolving /Users/wangboyang/Documents/ai_interview_success/hvigorfile.ts
[2026-05-31T11:01:23.772] [DEBUG] debug-file - hvigorfile, require result:  { default: { plugins: [] } }
[2026-05-31T11:01:23.772] [DEBUG] debug-file - hvigorfile, binding system plugins null
[2026-05-31T11:01:23.772] [DEBUG] debug-file - Starting plugin build process
[2026-05-31T11:01:23.772] [DEBUG] debug-file - App plugin prepare start...
[2026-05-31T11:01:23.772] [DEBUG] debug-file - App plugin prepare end...
[2026-05-31T11:01:23.772] [DEBUG] debug-file - App plugin creating...
[2026-05-31T11:01:23.774] [DEBUG] debug-file - App plugin register hook start...
[2026-05-31T11:01:23.774] [DEBUG] debug-file - App plugin register hook end...
[2026-05-31T11:01:23.774] [DEBUG] debug-file - Plugin build process completed
[2026-05-31T11:01:23.774] [DEBUG] debug-file - Start initialize project's product build option map with build mode debug.
[2026-05-31T11:01:23.774] [DEBUG] debug-file - Picking option from product 'default' with build mode 'debug'.
[2026-05-31T11:01:23.774] [DEBUG] debug-file - Product 'default' build option initialized
[2026-05-31T11:01:23.774] [DEBUG] debug-file - End initialize project's product build option map with build mode 'debug'.
[2026-05-31T11:01:23.775] [DEBUG] debug-file - Obtain build option for product 'default'in this build.
[2026-05-31T11:01:23.776] [DEBUG] debug-file - /Users/wangboyang/Documents/ai_interview_success/build/cache/default/remote_hsp/remoteHspCache.json not exists.
[2026-05-31T11:01:23.776] [DEBUG] debug-file - Start recording SDK configuration permission data.
[2026-05-31T11:01:23.793] [DEBUG] debug-file - Sdk init in 17 ms 
[2026-05-31T11:01:23.794] [DEBUG] debug-file - Project task initialization takes 1 ms 
[2026-05-31T11:01:23.794] [DEBUG] debug-file - hvigorfile, begin to bind custom plugins...
[2026-05-31T11:01:23.794] [DEBUG] debug-file - hvigorfile, no custom plugins were found in /Users/wangboyang/Documents/ai_interview_success/hvigorfile.ts
[2026-05-31T11:01:23.794] [DEBUG] debug-file - hvigorfile, resolve finished /Users/wangboyang/Documents/ai_interview_success/hvigorfile.ts
[2026-05-31T11:01:23.795] [DEBUG] debug-file - hvigorfile, resolving /Users/wangboyang/Documents/ai_interview_success/entry/hvigorfile.ts
[2026-05-31T11:01:23.797] [DEBUG] debug-file - hvigorfile, require result:  { default: { plugins: [] } }
[2026-05-31T11:01:23.797] [DEBUG] debug-file - hvigorfile, binding system plugins null
[2026-05-31T11:01:23.797] [DEBUG] debug-file - Starting plugin build process
[2026-05-31T11:01:23.797] [DEBUG] debug-file - Hap plugin creating...
[2026-05-31T11:01:23.797] [DEBUG] debug-file - failed to load cangjie to dynamically generate schemas: Error: Cannot find module '@ohos/cangjie-build-support/index'
Require stack:
- /Applications/DevEco-Studio.app/Contents/tools/hvigor/hvigor-ohos-plugin/src/plugin/hooks/cangjie-register.js
- /Applications/DevEco-Studio.app/Contents/tools/hvigor/hvigor-ohos-plugin/src/plugin/strategy/stage-init-strategy.js
- /Applications/DevEco-Studio.app/Contents/tools/hvigor/hvigor-ohos-plugin/src/plugin/builder/abstract-plugin-builder.js
- /Applications/DevEco-Studio.app/Contents/tools/hvigor/hvigor-ohos-plugin/src/plugin/builder/app-plugin-builder.js
- /Applications/DevEco-Studio.app/Contents/tools/hvigor/hvigor-ohos-plugin/src/plugin/factory/plugin-factory.js
- /Applications/DevEco-Studio.app/Contents/tools/hvigor/hvigor-ohos-plugin/index.js
- /Users/wangboyang/Documents/ai_interview_success/hvigorfile.ts
- /Applications/DevEco-Studio.app/Contents/tools/hvigor/hvigor/src/base/internal/lifecycle/configuration.js
- /Applications/DevEco-Studio.app/Contents/tools/hvigor/hvigor/src/base/boot/index.js
- /Applications/DevEco-Studio.app/Contents/tools/hvigor/hvigor/src/base/daemon/cluster/worker-process-lifecycle.js
- /Applications/DevEco-Studio.app/Contents/tools/hvigor/hvigor/src/base/daemon/process/daemon-process-boot-script.js
[2026-05-31T11:01:23.798] [DEBUG] debug-file - Start initialize module-target build option map, moduleName=entry, buildMode=debug
[2026-05-31T11:01:23.798] [DEBUG] debug-file - Target 'default' config initialized
[2026-05-31T11:01:23.798] [DEBUG] debug-file - Target 'ohosTest' config initialized
[2026-05-31T11:01:23.798] [DEBUG] debug-file - Module 'entry' target 'default' build option initialized
[2026-05-31T11:01:23.798] [DEBUG] debug-file - Module 'entry' target 'ohosTest' build option initialized
[2026-05-31T11:01:23.798] [DEBUG] debug-file - End initialize module-target build option map, moduleName=entry
[2026-05-31T11:01:23.798] [DEBUG] debug-file - Start initialize module-target build option map, moduleName=entry, buildMode=release
[2026-05-31T11:01:23.798] [DEBUG] debug-file - Target 'default' config initialized
[2026-05-31T11:01:23.798] [DEBUG] debug-file - Target 'ohosTest' config initialized
[2026-05-31T11:01:23.799] [DEBUG] debug-file - Module 'entry' target 'default' build option initialized
[2026-05-31T11:01:23.799] [DEBUG] debug-file - Module 'entry' target 'ohosTest' build option initialized
[2026-05-31T11:01:23.799] [DEBUG] debug-file - End initialize module-target build option map, moduleName=entry
[2026-05-31T11:01:23.799] [DEBUG] debug-file - Start initialize module-target build option map, moduleName=entry, buildMode=debug
[2026-05-31T11:01:23.799] [DEBUG] debug-file - Target 'default' config initialized
[2026-05-31T11:01:23.799] [DEBUG] debug-file - Target 'ohosTest' config initialized
[2026-05-31T11:01:23.799] [DEBUG] debug-file - Module 'entry' target 'default' build option initialized
[2026-05-31T11:01:23.799] [DEBUG] debug-file - Module 'entry' target 'ohosTest' build option initialized
[2026-05-31T11:01:23.799] [DEBUG] debug-file - End initialize module-target build option map, moduleName=entry
[2026-05-31T11:01:23.799] [DEBUG] debug-file - Obtain build option for module 'entry' target 'default'in this build.
[2026-05-31T11:01:23.799] [DEBUG] debug-file - Module entry task initialization takes 1 ms 
[2026-05-31T11:01:23.799] [DEBUG] debug-file - Hap plugin register hook start...
[2026-05-31T11:01:23.800] [DEBUG] debug-file - Hap plugin register hook end...
[2026-05-31T11:01:23.800] [DEBUG] debug-file - Plugin build process completed
[2026-05-31T11:01:23.800] [DEBUG] debug-file - hvigorfile, begin to bind custom plugins...
[2026-05-31T11:01:23.800] [DEBUG] debug-file - hvigorfile, no custom plugins were found in /Users/wangboyang/Documents/ai_interview_success/entry/hvigorfile.ts
[2026-05-31T11:01:23.800] [DEBUG] debug-file - hvigorfile, resolve finished /Users/wangboyang/Documents/ai_interview_success/entry/hvigorfile.ts
[2026-05-31T11:01:23.835] [DEBUG] debug-file - hvigorfile, resolve hvigorfile dependencies in 35 ms 
[2026-05-31T11:01:23.835] [DEBUG] debug-file - project has submodules:entry
[2026-05-31T11:01:23.836] [DEBUG] debug-file - start to load updatedOhPackageInfo to the disk
[2026-05-31T11:01:23.837] [DEBUG] debug-file - load to the disk finished
[2026-05-31T11:01:23.837] [DEBUG] debug-file - Start to initialize dependency information.
[2026-05-31T11:01:23.837] [DEBUG] debug-file - Module ai_interview_success Collected Dependency: /Users/wangboyang/Documents/ai_interview_success/oh_modules/.ohpm/@ohos+axios@2.2.10/oh_modules/@ohos/axios
[2026-05-31T11:01:23.837] [DEBUG] debug-file - Module ai_interview_success's total dependency: 1
[2026-05-31T11:01:23.838] [DEBUG] debug-file - Start to initialize dependency information.
[2026-05-31T11:01:23.838] [DEBUG] debug-file - Module entry Collected Dependency: /Users/wangboyang/Documents/ai_interview_success/oh_modules/.ohpm/@ohos+axios@2.2.10/oh_modules/@ohos/axios
[2026-05-31T11:01:23.838] [DEBUG] debug-file - Module entry's total dependency: 1
[2026-05-31T11:01:23.838] [DEBUG] debug-file - Configuration phase cost:69 ms 
[2026-05-31T11:01:23.839] [DEBUG] debug-file - Configuration task cost before running: 73 ms 
[2026-05-31T11:01:23.839] [DEBUG] debug-file - Executing task :entry:default@PreBuild
[2026-05-31T11:01:23.841] [DEBUG] debug-file - Task 'entry:default@PreBuild' cost while wrapping incremental declarations: 1 ms 
[2026-05-31T11:01:23.842] [DEBUG] debug-file - Incremental task entry:default@PreBuild pre-execution cost: 1 ms .
[2026-05-31T11:01:23.842] [DEBUG] debug-file - entry : default@PreBuild cost memory 0.5214309692382812
[2026-05-31T11:01:23.842] [INFO] debug-file - UP-TO-DATE :entry:default@PreBuild...  
[2026-05-31T11:01:23.842] [DEBUG] debug-file - Executing task :entry:default@CreateModuleInfo
[2026-05-31T11:01:23.842] [DEBUG] debug-file - Task 'entry:default@CreateModuleInfo' cost while wrapping incremental declarations: 1 ms 
[2026-05-31T11:01:23.842] [DEBUG] debug-file - entry : default@CreateModuleInfo cost memory 0.0402679443359375
[2026-05-31T11:01:23.842] [DEBUG] debug-file - runTaskFromQueue task cost before running: 77 ms 
[2026-05-31T11:01:23.842] [INFO] debug-file - Finished :entry:default@CreateModuleInfo... after 1 ms 
[2026-05-31T11:01:23.843] [DEBUG] debug-file - Executing task :entry:default@GenerateMetadata
[2026-05-31T11:01:23.843] [DEBUG] debug-file - Task 'entry:default@GenerateMetadata' cost while wrapping incremental declarations: 1 ms 
[2026-05-31T11:01:23.843] [DEBUG] debug-file - Incremental task entry:default@GenerateMetadata pre-execution cost: 1 ms .
[2026-05-31T11:01:23.843] [DEBUG] debug-file - entry : default@GenerateMetadata cost memory 0.07643890380859375
[2026-05-31T11:01:23.843] [INFO] debug-file - UP-TO-DATE :entry:default@GenerateMetadata...  
[2026-05-31T11:01:23.843] [DEBUG] debug-file - Executing task :entry:default@ConfigureCmake
[2026-05-31T11:01:23.843] [DEBUG] debug-file - entry : default@ConfigureCmake cost memory 0.0145416259765625
[2026-05-31T11:01:23.843] [DEBUG] debug-file - runTaskFromQueue task cost before running: 78 ms 
[2026-05-31T11:01:23.843] [INFO] debug-file - Finished :entry:default@ConfigureCmake... after 1 ms 
[2026-05-31T11:01:23.843] [DEBUG] debug-file - Executing task :entry:default@MergeProfile
[2026-05-31T11:01:23.844] [DEBUG] debug-file - Task 'entry:default@MergeProfile' cost while wrapping incremental declarations: 1 ms 
[2026-05-31T11:01:23.844] [DEBUG] debug-file - Incremental task entry:default@MergeProfile pre-execution cost: 1 ms .
[2026-05-31T11:01:23.844] [DEBUG] debug-file - entry : default@MergeProfile cost memory 0.11573028564453125
[2026-05-31T11:01:23.844] [INFO] debug-file - UP-TO-DATE :entry:default@MergeProfile...  
[2026-05-31T11:01:23.844] [DEBUG] debug-file - Executing task :entry:default@CreateBuildProfile
[2026-05-31T11:01:23.844] [DEBUG] debug-file - Task 'entry:default@CreateBuildProfile' cost while wrapping incremental declarations: 1 ms 
[2026-05-31T11:01:23.844] [DEBUG] debug-file - Incremental task entry:default@CreateBuildProfile pre-execution cost: 1 ms .
[2026-05-31T11:01:23.844] [DEBUG] debug-file - entry : default@CreateBuildProfile cost memory 0.09072113037109375
[2026-05-31T11:01:23.844] [INFO] debug-file - UP-TO-DATE :entry:default@CreateBuildProfile...  
[2026-05-31T11:01:23.845] [DEBUG] debug-file - Executing task :entry:default@PreCheckSyscap
[2026-05-31T11:01:23.845] [DEBUG] debug-file - entry : default@PreCheckSyscap cost memory 0.01476287841796875
[2026-05-31T11:01:23.845] [DEBUG] debug-file - runTaskFromQueue task cost before running: 80 ms 
[2026-05-31T11:01:23.845] [INFO] debug-file - Finished :entry:default@PreCheckSyscap... after 1 ms 
[2026-05-31T11:01:23.845] [DEBUG] debug-file - Executing task :entry:default@GeneratePkgContextInfo
[2026-05-31T11:01:23.846] [DEBUG] debug-file - Task 'entry:default@GeneratePkgContextInfo' cost while wrapping incremental declarations: 1 ms 
[2026-05-31T11:01:23.846] [DEBUG] debug-file - Incremental task entry:default@GeneratePkgContextInfo pre-execution cost: 1 ms .
[2026-05-31T11:01:23.846] [DEBUG] debug-file - entry : default@GeneratePkgContextInfo cost memory 0.2496795654296875
[2026-05-31T11:01:23.846] [INFO] debug-file - UP-TO-DATE :entry:default@GeneratePkgContextInfo...  
[2026-05-31T11:01:23.846] [DEBUG] debug-file - Executing task :entry:default@GeneratePkgSdkInfo
[2026-05-31T11:01:23.847] [DEBUG] debug-file - Task 'entry:default@GeneratePkgSdkInfo' cost while wrapping incremental declarations: 1 ms 
[2026-05-31T11:01:23.847] [DEBUG] debug-file - entry : default@GeneratePkgSdkInfo cost memory -3.4013137817382812
[2026-05-31T11:01:23.847] [DEBUG] debug-file - runTaskFromQueue task cost before running: 82 ms 
[2026-05-31T11:01:23.847] [INFO] debug-file - Finished :entry:default@GeneratePkgSdkInfo... after 2 ms 
[2026-05-31T11:01:23.848] [DEBUG] debug-file - Executing task :entry:default@ProcessIntegratedHsp
[2026-05-31T11:01:23.848] [DEBUG] debug-file - entry:default@ProcessIntegratedHsp is not up-to-date, since the output file '/Users/wangboyang/Documents/ai_interview_success/build/cache/default/integrated_hsp/integratedHspCache.json' does not exist.
[2026-05-31T11:01:23.848] [DEBUG] debug-file - Incremental task entry:default@ProcessIntegratedHsp pre-execution cost: 1 ms .
[2026-05-31T11:01:23.848] [DEBUG] debug-file - entry : default@ProcessIntegratedHsp cost memory 0.05731964111328125
[2026-05-31T11:01:23.848] [DEBUG] debug-file - runTaskFromQueue task cost before running: 83 ms 
[2026-05-31T11:01:23.848] [INFO] debug-file - Finished :entry:default@ProcessIntegratedHsp... after 1 ms 
[2026-05-31T11:01:23.848] [DEBUG] debug-file - Executing task :entry:default@BuildNativeWithCmake
[2026-05-31T11:01:23.848] [DEBUG] debug-file - entry : default@BuildNativeWithCmake cost memory 0.0145416259765625
[2026-05-31T11:01:23.848] [DEBUG] debug-file - runTaskFromQueue task cost before running: 83 ms 
[2026-05-31T11:01:23.848] [INFO] debug-file - Finished :entry:default@BuildNativeWithCmake... after 1 ms 
[2026-05-31T11:01:23.848] [DEBUG] debug-file - Executing task :entry:default@MakePackInfo
[2026-05-31T11:01:23.849] [DEBUG] debug-file - Incremental task entry:default@MakePackInfo pre-execution cost: 1 ms .
[2026-05-31T11:01:23.849] [DEBUG] debug-file - entry : default@MakePackInfo cost memory 0.10236358642578125
[2026-05-31T11:01:23.849] [INFO] debug-file - UP-TO-DATE :entry:default@MakePackInfo...  
[2026-05-31T11:01:23.849] [DEBUG] debug-file - Executing task :entry:default@SyscapTransform
[2026-05-31T11:01:23.849] [DEBUG] debug-file - File: '/Users/wangboyang/Documents/ai_interview_success/entry/src/main/syscap.json' from 'sysCapJsonPath' is not exists, just ignore.
[2026-05-31T11:01:23.849] [DEBUG] debug-file - Task 'entry:default@SyscapTransform' cost while wrapping incremental declarations: 1 ms 
[2026-05-31T11:01:23.850] [DEBUG] debug-file - entry:default@SyscapTransform is not up-to-date, since the output file '/Users/wangboyang/Documents/ai_interview_success/entry/build/default/intermediates/syscap/default/rpcid.sc' does not exist.
[2026-05-31T11:01:23.850] [DEBUG] debug-file - Incremental task entry:default@SyscapTransform pre-execution cost: 1 ms .
[2026-05-31T11:01:23.850] [DEBUG] debug-file - entry : default@SyscapTransform cost memory 0.10614013671875
[2026-05-31T11:01:23.850] [DEBUG] debug-file - runTaskFromQueue task cost before running: 84 ms 
[2026-05-31T11:01:23.850] [INFO] debug-file - Finished :entry:default@SyscapTransform... after 1 ms 
[2026-05-31T11:01:23.850] [DEBUG] debug-file - Executing task :entry:default@ProcessProfile
[2026-05-31T11:01:23.850] [DEBUG] debug-file - Task 'entry:default@ProcessProfile' cost while wrapping incremental declarations: 1 ms 
[2026-05-31T11:01:23.850] [DEBUG] debug-file - Incremental task entry:default@ProcessProfile pre-execution cost: 1 ms .
[2026-05-31T11:01:23.850] [DEBUG] debug-file - entry : default@ProcessProfile cost memory 0.1187591552734375
[2026-05-31T11:01:23.850] [INFO] debug-file - UP-TO-DATE :entry:default@ProcessProfile...  
[2026-05-31T11:01:23.851] [DEBUG] debug-file - Executing task :entry:default@ProcessRouterMap
[2026-05-31T11:01:23.851] [DEBUG] debug-file - Incremental task entry:default@ProcessRouterMap pre-execution cost: 1 ms .
[2026-05-31T11:01:23.851] [DEBUG] debug-file - entry : default@ProcessRouterMap cost memory 0.141632080078125
[2026-05-31T11:01:23.851] [INFO] debug-file - UP-TO-DATE :entry:default@ProcessRouterMap...  
[2026-05-31T11:01:23.851] [DEBUG] debug-file - Executing task :entry:default@ProcessShareConfig
[2026-05-31T11:01:23.851] [DEBUG] debug-file - Incremental task entry:default@ProcessShareConfig pre-execution cost: 1 ms .
[2026-05-31T11:01:23.851] [DEBUG] debug-file - entry : default@ProcessShareConfig cost memory 0.16259765625
[2026-05-31T11:01:23.852] [INFO] debug-file - UP-TO-DATE :entry:default@ProcessShareConfig...  
[2026-05-31T11:01:23.852] [DEBUG] debug-file - Executing task :entry:default@ProcessStartupConfig
[2026-05-31T11:01:23.852] [DEBUG] debug-file - Task 'entry:default@ProcessStartupConfig' cost while wrapping incremental declarations: 1 ms 
[2026-05-31T11:01:23.852] [DEBUG] debug-file - entry:default@ProcessStartupConfig is not up-to-date, since the output file '/Users/wangboyang/Documents/ai_interview_success/entry/build/default/intermediates/startup/default/startup_config.json' does not exist.
[2026-05-31T11:01:23.852] [DEBUG] debug-file - Incremental task entry:default@ProcessStartupConfig pre-execution cost: 1 ms .
[2026-05-31T11:01:23.852] [DEBUG] debug-file - entry : default@ProcessStartupConfig cost memory 0.134246826171875
[2026-05-31T11:01:23.852] [DEBUG] debug-file - runTaskFromQueue task cost before running: 87 ms 
[2026-05-31T11:01:23.852] [INFO] debug-file - Finished :entry:default@ProcessStartupConfig... after 1 ms 
[2026-05-31T11:01:23.853] [DEBUG] debug-file - Executing task :entry:default@BuildNativeWithNinja
[2026-05-31T11:01:23.853] [DEBUG] debug-file - entry : default@BuildNativeWithNinja cost memory 0.01970672607421875
[2026-05-31T11:01:23.853] [DEBUG] debug-file - runTaskFromQueue task cost before running: 88 ms 
[2026-05-31T11:01:23.853] [INFO] debug-file - Finished :entry:default@BuildNativeWithNinja... after 1 ms 
[2026-05-31T11:01:23.853] [DEBUG] debug-file - restool module names: entry; moduleName=entry, taskName=default@ProcessResource
[2026-05-31T11:01:23.854] [DEBUG] debug-file - Executing task :entry:default@ProcessResource
[2026-05-31T11:01:23.854] [DEBUG] debug-file - Task 'entry:default@ProcessResource' cost while wrapping incremental declarations: 1 ms 
[2026-05-31T11:01:23.854] [DEBUG] debug-file - Incremental task entry:default@ProcessResource pre-execution cost: 1 ms .
[2026-05-31T11:01:23.854] [DEBUG] debug-file - entry : default@ProcessResource cost memory 0.12294769287109375
[2026-05-31T11:01:23.854] [INFO] debug-file - UP-TO-DATE :entry:default@ProcessResource...  
[2026-05-31T11:01:23.855] [DEBUG] debug-file - Executing task :entry:default@GenerateLoaderJson
[2026-05-31T11:01:23.855] [DEBUG] debug-file - Task 'entry:default@GenerateLoaderJson' cost while wrapping incremental declarations: 1 ms 
[2026-05-31T11:01:23.857] [DEBUG] debug-file - Incremental task entry:default@GenerateLoaderJson pre-execution cost: 1 ms .
[2026-05-31T11:01:23.857] [DEBUG] debug-file - entry : default@GenerateLoaderJson cost memory 0.7640533447265625
[2026-05-31T11:01:23.857] [INFO] debug-file - UP-TO-DATE :entry:default@GenerateLoaderJson...  
[2026-05-31T11:01:23.857] [DEBUG] debug-file - Executing task :entry:default@ProcessLibs
[2026-05-31T11:01:23.858] [DEBUG] debug-file - Incremental task entry:default@ProcessLibs pre-execution cost: 1 ms .
[2026-05-31T11:01:23.858] [DEBUG] debug-file - entry : default@ProcessLibs cost memory 0.14722442626953125
[2026-05-31T11:01:23.858] [INFO] debug-file - UP-TO-DATE :entry:default@ProcessLibs...  
[2026-05-31T11:01:23.859] [DEBUG] debug-file - restool module names: entry; moduleName=entry, taskName=default@CompileResource
[2026-05-31T11:01:23.859] [DEBUG] debug-file - Executing task :entry:default@CompileResource
[2026-05-31T11:01:23.864] [DEBUG] debug-file - Incremental task entry:default@CompileResource pre-execution cost: 5 ms .
[2026-05-31T11:01:23.864] [DEBUG] debug-file - entry : default@CompileResource cost memory -3.4211196899414062
[2026-05-31T11:01:23.864] [INFO] debug-file - UP-TO-DATE :entry:default@CompileResource...  
[2026-05-31T11:01:23.864] [DEBUG] debug-file - Executing task :entry:default@DoNativeStrip
[2026-05-31T11:01:23.864] [DEBUG] debug-file - File: '/Users/wangboyang/Documents/ai_interview_success/entry/build/default/intermediates/binxo/default' from 'doBinxoNativeLibs' is not exists, just ignore.
[2026-05-31T11:01:23.864] [DEBUG] debug-file - Task 'entry:default@DoNativeStrip' cost while wrapping incremental declarations: 1 ms 
[2026-05-31T11:01:23.864] [DEBUG] debug-file - Incremental task entry:default@DoNativeStrip pre-execution cost: 1 ms .
[2026-05-31T11:01:23.865] [DEBUG] debug-file - entry : default@DoNativeStrip cost memory 0.07733917236328125
[2026-05-31T11:01:23.865] [INFO] debug-file - UP-TO-DATE :entry:default@DoNativeStrip...  
[2026-05-31T11:01:23.865] [DEBUG] debug-file - Executing task :entry:default@CompileArkTS
[2026-05-31T11:01:23.865] [DEBUG] debug-file - obfuscationOptions: undefined
[2026-05-31T11:01:23.866] [DEBUG] debug-file - Task 'entry:default@CompileArkTS' cost while wrapping incremental declarations: 1 ms 
[2026-05-31T11:01:23.868] [DEBUG] debug-file - entry:default@CompileArkTS is not up-to-date, since the input file '/Users/wangboyang/Documents/ai_interview_success/entry/src/main/ets' has been changed.
[2026-05-31T11:01:23.868] [DEBUG] debug-file - Incremental task entry:default@CompileArkTS pre-execution cost: 2 ms .
[2026-05-31T11:01:23.870] [DEBUG] debug-file - build config:
[2026-05-31T11:01:23.870] [DEBUG] debug-file - {
  moduleType: 'entry',
  perf: 0,
  targetName: '.default',
  packageManagerType: 'ohpm',
  localPropertiesPath: '/Users/wangboyang/Documents/ai_interview_success/local.properties',
  isPreview: false,
  isOhosTest: false,
  isLocalTest: false,
  buildMode: 'Debug',
  hotReloadBuild: undefined,
  watchMode: 'false',
  aceProfilePath: '/Users/wangboyang/Documents/ai_interview_success/entry/build/default/intermediates/res/default/resources/base/profile',
  etsLoaderPath: '/Applications/DevEco-Studio.app/Contents/sdk/default/openharmony/ets/build-tools/ets-loader',
  modulePath: '/Users/wangboyang/Documents/ai_interview_success/entry',
  testFrameworkPar: {
    testMode: undefined,
    coveragePathFilter: undefined,
    coverageMode: undefined
  },
  needCoverageInsert: false,
  debugLine: false,
  projectTopDir: '/Users/wangboyang/Documents/ai_interview_success',
  compileSdkVersion: 24,
  compatibleSdkVersion: 23,
  originCompatibleSdkVersion: '6.1.0(23)',
  compatibleSdkVersionStage: undefined,
  bundleName: 'c***i',
  etsLoaderVersion: '6.1.1.125',
  etsLoaderReleaseType: 'Release',
  aotCompileMode: 'type',
  apPath: '/Users/wangboyang/Documents/ai_interview_success/entry/modules.ap',
  entryModuleName: 'entry',
  entryModuleVersion: '1.0.0',
  entryPackageName: 'entry',
  allModuleNameHash: '216921b453d79e587336c9639f8c52cce102a4ea1cd2442a1dd7d7613a38ca9b',
  externalApiPaths: [ '/Applications/DevEco-Studio.app/Contents/sdk/default/hms/ets' ],
  compilerTypes: [],
  isCrossplatform: false,
  hvigorPluginFile: undefined,
  compilePluginPath: undefined,
  buildGeneratedProfilePath: '/Users/wangboyang/Documents/ai_interview_success/entry/build/default/generated/profile/default',
  bundleType: 'app',
  arkTSVersion: undefined,
  apiVersion: 24,
  needCompleteSourcesMap: false,
  isFaMode: false,
  buildDir: '/Users/wangboyang/Documents/ai_interview_success/entry/build',
  deviceTypes: [ 'phone', 'tablet', '2in1' ],
  pkgContextInfo: {
    '@ohos/axios': {
      packageName: '@ohos/axios',
      bundleName: '*****',
      moduleName: '',
      version: '2.2.10',
      entryPath: 'index.js',
      isSO: false,
      dependencyAlias: ''
    },
    '@ohos/hypium': {
      packageName: '@ohos/hypium',
      bundleName: '*****',
      moduleName: '',
      version: '1.0.25',
      entryPath: 'index.js',
      isSO: false,
      dependencyAlias: ''
    },
    '@ohos/hamock': {
      packageName: '@ohos/hamock',
      bundleName: '*****',
      moduleName: '',
      version: '1.0.0',
      entryPath: 'index.ets',
      isSO: false,
      dependencyAlias: ''
    },
    entry: {
      packageName: 'entry',
      bundleName: '*****',
      moduleName: '',
      version: '',
      entryPath: 'src/main/',
      isSO: false,
      dependencyAlias: ''
    }
  },
  ohPackagePathMap: {},
  dependencyAliasMap: {},
  permission: { requestPermissions: [ [Object] ], definePermissions: undefined },
  useGetCurrentBundleName: false,
  projectArkOption: undefined,
  sourceMapDir: undefined,
  branchElimination: false,
  transformLib: undefined,
  tsImportSendable: false,
  resolveConflictMode: true,
  depName2RootPath: {},
  depName2DepInfo: {},
  depName2OhExports: {},
  rootPathSet: [ '/Users/wangboyang/Documents/ai_interview_success' ],
  useNativeResolver: true,
  shouldEmitJs: true,
  useTscResolve: false,
  singleFileEmit: false,
  userProjectConfig: {
    autoLazyImport: false,
    allowEmptyBundleName: false,
    reExportCheckMode: 'noCheck',
    executionMode: 'memory',
    usePathPlaceholder: false,
    writeRollupCache: true,
    isExpandImportEnabled: false,
    expandImportExclude: '',
    lazyImportExclude: '',
    lazyImportInclude: '',
    ignoreCrossplatformCheck: false,
    isHarDeduplicateEnabled: false,
    skipOhModulesLint: false,
    enableStrictCheckOHModule: false,
    disableSendableCheckRules: [],
    useDeclarationFileSignature: false,
    customizedOptions: undefined,
    integratedHsp: false,
    isPreloadSoEnabled: false
  },
  executionMode: 'memory',
  arkCompileCachePath: '/Users/wangboyang/Documents/ai_interview_success/entry/build/default/cache/default/default@CompileArkTS/esmodule',
  autoLazyFilter: undefined,
  isHarDeduplicateEnabled: false,
  intermediateHarDuplicateDirPath: '/Users/wangboyang/Documents/ai_interview_success/entry/build/default/intermediates/har_duplicate/default',
  autoLazyImport: false,
  allowEmptyBundleName: false,
  reExportCheckMode: 'noCheck',
  usePathPlaceholder: false,
  writeRollupCache: true,
  isExpandImportEnabled: false,
  expandImportExclude: '',
  lazyImportExclude: '',
  lazyImportInclude: '',
  ignoreCrossplatformCheck: false,
  skipOhModulesLint: false,
  enableStrictCheckOHModule: false,
  disableSendableCheckRules: [],
  useDeclarationFileSignature: false,
  customizedOptions: undefined,
  integratedHsp: false,
  isPreloadSoEnabled: false,
  strictMode: {
    caseSensitiveCheck: true,
    useNormalizedOHMUrl: true,
    noExternalImportByPath: true
  },
  useNormalizedOHMUrl: true,
  caseSensitiveCheck: true,
  strictCheckerOnly: false,
  aceModuleJsonPath: '/Users/wangboyang/Documents/ai_interview_success/entry/build/default/intermediates/res/default/ark_module.json',
  appResource: '/Users/wangboyang/Documents/ai_interview_success/entry/build/default/intermediates/res/default/ResourceTable.txt',
  rawFileResource: '/Users/wangboyang/Documents/ai_interview_success/entry/build/default/intermediates/res/default/resources/rawfile',
  resourceTableHash: 'c64a2e365c6804d3e0c71b3b7a72893c1508823ae83f2f56cc5c7c199797763c',
  runtimeOS: 'HarmonyOS',
  sdkInfo: 'false:24:6.1.1.125:Release',
  aceModuleRoot: '/Users/wangboyang/Documents/ai_interview_success/entry/src/main/ets',
  compileMode: 'esmodule',
  aceSuperVisualPath: '/Users/wangboyang/Documents/ai_interview_success/entry/src/main/supervisual',
  aceBuildJson: '/Users/wangboyang/Documents/ai_interview_success/entry/build/default/intermediates/loader/default/loader.json',
  cachePath: '/Users/wangboyang/Documents/ai_interview_success/entry/build/default/cache/default/default@CompileArkTS/esmodule/debug',
  aceModuleBuild: '/Users/wangboyang/Documents/ai_interview_success/entry/build/default/intermediates/loader_out/default/ets',
  supportChunks: true,
  declaredFilesPath: undefined,
  shouldCollectDirectImportees: false,
  isByteCodeHarOptimize: false,
  expandImportPath: undefined,
  resourceTableTs: '/Users/wangboyang/Documents/ai_interview_success/entry/build/default/generated/r/default/ResourceTable.ts',
  moduleMetaInfoFiles: [
    {
      filePath: '/Users/wangboyang/Documents/ai_interview_success/entry/build/default/generated/r/default/ResourceTable.ts',
      ohmurl: '&entry/build/generated/r/ResourceTable&'
    }
  ],
  pkgNameToPkgBriefInfo: {
    '@ohos/axios': {
      pkgRoot: '/Users/wangboyang/Documents/ai_interview_success/oh_modules/.ohpm/@ohos+axios@2.2.10/oh_modules/@ohos/axios',
      pkgName: '@ohos/axios',
      sourceRoots: [Array]
    },
    entry: {
      pkgRoot: '/Users/wangboyang/Documents/ai_interview_success/entry',
      originalSourceRoots: undefined,
      sourceRoots: [Array],
      pkgName: 'entry'
    }
  },
  projectModel: {
    '/Users/wangboyang/Documents/ai_interview_success/entry/src/main': {
      moduleName: 'entry',
      modulePkgPath: '/Users/wangboyang/Documents/ai_interview_success/entry',
      belongProjectPath: '/Users/wangboyang/Documents/ai_interview_success'
    },
    '/Users/wangboyang/Documents/ai_interview_success/entry/.test/default/intermediates/src/ohosTest/ets': {
      moduleName: 'entry_test',
      modulePkgPath: '/Users/wangboyang/Documents/ai_interview_success/entry',
      belongProjectPath: '/Users/wangboyang/Documents/ai_interview_success'
    },
    '/Users/wangboyang/Documents/ai_interview_success/entry/src/ohosTest': {
      moduleName: 'entry_test',
      modulePkgPath: '/Users/wangboyang/Documents/ai_interview_success/entry',
      belongProjectPath: '/Users/wangboyang/Documents/ai_interview_success'
    },
    '/Users/wangboyang/Documents/ai_interview_success/entry': {
      moduleName: 'entry',
      modulePkgPath: '/Users/wangboyang/Documents/ai_interview_success/entry',
      belongProjectPath: '/Users/wangboyang/Documents/ai_interview_success'
    },
    '/Users/wangboyang/Documents/ai_interview_success': {
      moduleName: 'ai_interview_success',
      modulePkgPath: '/Users/wangboyang/Documents/ai_interview_success',
      belongProjectPath: '/Users/wangboyang/Documents/ai_interview_success'
    }
  },
  pkgJsonFileHash: '0ea6a217f6fe89599b794a8802a1ba868831a3b5a807fe1ffc56cf5b7ba96c77',
  allModulePaths: [ '/Users/wangboyang/Documents/ai_interview_success/entry' ],
  routerMap: {},
  obfuscationOptions: undefined,
  byteCodeHarToDependencyKeys: undefined,
  compileBlockPkg: [],
  mockParams: {
    decorator: '@MockSetup',
    packageName: '@ohos/hamock',
    etsSourceRootPath: 'src/main/ets',
    mockConfigPath: '/Users/wangboyang/Documents/ai_interview_success/entry/src/mock/mock-config.json5',
    mockConfigKey2ModuleInfo: {},
    source2ModuleIdMap: {}
  },
  copyCodeResourceEnable: false,
  copyCodeResourceExcludes: [],
  copyCodeResourceIncludes: undefined,
  uiTransformOptimization: false,
  sdkPath: '/Applications/DevEco-Studio.app/Contents/sdk',
  needPreloadSoFileSet: {},
  preloadSoFilePath: '/Users/wangboyang/Documents/ai_interview_success/entry/build/default/intermediates/preload/default/preload.json',
  useSourceHash: false,
  localModuleParamMap: {},
  otherPaths: {
    '@ohos/axios/*': [
      '../../../../oh_modules/.ohpm/@ohos+axios@2.2.10/oh_modules/@ohos/axios/src/main/*'
    ],
    'entry/*': [ '../*', '../../../build/default/generated/profile/default/*' ]
  },
  collectImportersConfig: undefined
}
[2026-05-31T11:01:23.871] [DEBUG] debug-file - Compile arkts with external api path: /Applications/DevEco-Studio.app/Contents/sdk/default/hms/ets
[2026-05-31T11:01:23.871] [DEBUG] debug-file - default@CompileArkTS work[5] is submitted.
[2026-05-31T11:01:23.871] [DEBUG] debug-file - default@CompileArkTS work[5] is pushed to ready queue.
[2026-05-31T11:01:23.871] [DEBUG] debug-file - A work dispatched to worker[11] failed because unable to get work from ready queue.
[2026-05-31T11:01:23.871] [DEBUG] debug-file - A work dispatched to worker[10] failed because unable to get work from ready queue.
[2026-05-31T11:01:23.871] [DEBUG] debug-file - A work dispatched to worker[9] failed because unable to get work from ready queue.
[2026-05-31T11:01:23.871] [DEBUG] debug-file - A work dispatched to worker[8] failed because unable to get work from ready queue.
[2026-05-31T11:01:23.871] [DEBUG] debug-file - A work dispatched to worker[7] failed because unable to get work from ready queue.
[2026-05-31T11:01:23.871] [DEBUG] debug-file - A work dispatched to worker[6] failed because unable to get work from ready queue.
[2026-05-31T11:01:23.871] [DEBUG] debug-file - A work dispatched to worker[5] failed because unable to get work from ready queue.
[2026-05-31T11:01:23.871] [DEBUG] debug-file - default@CompileArkTS work[5] has been dispatched to worker[4].
[2026-05-31T11:01:23.871] [DEBUG] debug-file - default@CompileArkTS work[5] is dispatched.
[2026-05-31T11:01:23.871] [DEBUG] debug-file - entry : default@CompileArkTS cost memory 1.7553634643554688
[2026-05-31T11:01:23.871] [DEBUG] debug-file - Executing task :entry:default@BuildJS
[2026-05-31T11:01:23.871] [DEBUG] debug-file - Task 'entry:default@BuildJS' cost while wrapping incremental declarations: 1 ms 
[2026-05-31T11:01:23.872] [DEBUG] debug-file - entry : default@BuildJS cost memory 0.13170623779296875
[2026-05-31T11:01:23.872] [DEBUG] debug-file - runTaskFromQueue task cost before running: 106 ms 
[2026-05-31T11:01:23.872] [INFO] debug-file - Finished :entry:default@BuildJS... after 1 ms 
[2026-05-31T11:01:23.872] [DEBUG] debug-file - Executing task :entry:default@CacheNativeLibs
[2026-05-31T11:01:23.872] [DEBUG] debug-file - File: '/Users/wangboyang/Documents/ai_interview_success/entry/build/default/intermediates/binxo/default' from 'cacheBinxoNativeLibs' is not exists, just ignore.
[2026-05-31T11:01:23.872] [DEBUG] debug-file - Task 'entry:default@CacheNativeLibs' cost while wrapping incremental declarations: 1 ms 
[2026-05-31T11:01:23.872] [DEBUG] debug-file - Incremental task entry:default@CacheNativeLibs pre-execution cost: 1 ms .
[2026-05-31T11:01:23.872] [DEBUG] debug-file - entry : default@CacheNativeLibs cost memory 0.1217498779296875
[2026-05-31T11:01:23.872] [INFO] debug-file - UP-TO-DATE :entry:default@CacheNativeLibs...  
[2026-05-31T11:01:24.251] [WARN] debug-file - [33mWARN: [33m[33mArkTS:WARN File: /Users/wangboyang/Documents/ai_interview_success/entry/src/main/ets/commons/utils/HMScreenManager.ets:27:64
 'px2vp' has been deprecated.
[39m[39m
[33mWARN: [33m[33mArkTS:WARN File: /Users/wangboyang/Documents/ai_interview_success/entry/src/main/ets/commons/utils/HMScreenManager.ets:30:67
 'px2vp' has been deprecated.
[39m[39m
[33mWARN: [33m[33mArkTS:WARN File: /Users/wangboyang/Documents/ai_interview_success/entry/src/main/ets/commons/components/HMQuestionList.ets:33:5
 Function may throw exceptions. Special handling is required.
[39m[39m

[2026-05-31T11:01:24.251] [DEBUG] debug-file - Ark compile task finished.finished time is 15188230758666
[2026-05-31T11:01:24.251] [DEBUG] debug-file - worker[4] has one work done.
[2026-05-31T11:01:24.251] [DEBUG] debug-file - default@CompileArkTS work[5] done.
[2026-05-31T11:01:24.252] [INFO] debug-file - Finished :entry:default@CompileArkTS... after 386 ms 
[2026-05-31T11:01:24.252] [DEBUG] debug-file - Executing task :entry:default@GeneratePkgModuleJson
[2026-05-31T11:01:24.252] [DEBUG] debug-file - File: '/Users/wangboyang/Documents/ai_interview_success/entry/build/default/intermediates/preload/default/preload.json' from 'preloadSoJsonPath' is not exists, just ignore.
[2026-05-31T11:01:24.252] [DEBUG] debug-file - Error occurs while handling @Input 'shouldDeduplicateHar': The "data" argument must be of type string or an instance of Buffer, TypedArray, or DataView. Received undefined
[2026-05-31T11:01:24.252] [DEBUG] debug-file - Task 'entry:default@GeneratePkgModuleJson' cost while wrapping incremental declarations: 1 ms 
[2026-05-31T11:01:24.252] [DEBUG] debug-file - Incremental task entry:default@GeneratePkgModuleJson pre-execution cost: 1 ms .
[2026-05-31T11:01:24.252] [DEBUG] debug-file - entry : default@GeneratePkgModuleJson cost memory 0.08868408203125
[2026-05-31T11:01:24.253] [INFO] debug-file - UP-TO-DATE :entry:default@GeneratePkgModuleJson...  
[2026-05-31T11:01:24.253] [DEBUG] debug-file - Executing task :entry:default@ProcessCompiledResources
[2026-05-31T11:01:24.253] [DEBUG] debug-file - File: '/Users/wangboyang/Documents/ai_interview_success/entry/build/default/intermediates/preload/default/preload.json' from 'preloadSoJsonPath' is not exists, just ignore.
[2026-05-31T11:01:24.253] [DEBUG] debug-file - Task 'entry:default@ProcessCompiledResources' cost while wrapping incremental declarations: 1 ms 
[2026-05-31T11:01:24.253] [DEBUG] debug-file - entry : default@ProcessCompiledResources cost memory 0.05590057373046875
[2026-05-31T11:01:24.253] [DEBUG] debug-file - runTaskFromQueue task cost before running: 488 ms 
[2026-05-31T11:01:24.253] [INFO] debug-file - Finished :entry:default@ProcessCompiledResources... after 1 ms 
[2026-05-31T11:01:24.254] [DEBUG] debug-file - Executing task :entry:default@PackageHap
[2026-05-31T11:01:24.255] [DEBUG] debug-file - entry:default@PackageHap is not up-to-date, since the input file '/Users/wangboyang/Documents/ai_interview_success/entry/build/default/intermediates/loader_out/default/ets' has been changed.
[2026-05-31T11:01:24.255] [DEBUG] debug-file - Incremental task entry:default@PackageHap pre-execution cost: 2 ms .
[2026-05-31T11:01:24.255] [DEBUG] debug-file - Use tool [/Applications/DevEco-Studio.app/Contents/sdk/default/openharmony/toolchains/lib/app_packing_tool.jar]
 [
  'java',
  '-Dfile.encoding=utf-8',
  '-jar',
  '/Applications/DevEco-Studio.app/Contents/sdk/default/openharmony/toolchains/lib/app_packing_tool.jar',
  '--mode',
  'hap',
  '--force',
  'true',
  '--lib-path',
  '/Users/wangboyang/Documents/ai_interview_success/entry/build/default/intermediates/stripped_native_libs/default',
  '--json-path',
  '/Users/wangboyang/Documents/ai_interview_success/entry/build/default/intermediates/package/default/module.json',
  '--resources-path',
  '/Users/wangboyang/Documents/ai_interview_success/entry/build/default/intermediates/res/default/resources',
  '--index-path',
  '/Users/wangboyang/Documents/ai_interview_success/entry/build/default/intermediates/res/default/resources.index',
  '--pack-info-path',
  '/Users/wangboyang/Documents/ai_interview_success/entry/build/default/outputs/default/pack.info',
  '--out-path',
  '/Users/wangboyang/Documents/ai_interview_success/entry/build/default/outputs/default/entry-default-unsigned.hap',
  '--ets-path',
  '/Users/wangboyang/Documents/ai_interview_success/entry/build/default/intermediates/loader_out/default/ets',
  '--pkg-context-path',
  '/Users/wangboyang/Documents/ai_interview_success/entry/build/default/intermediates/loader/default/pkgContextInfo.json'
]
[2026-05-31T11:01:24.255] [DEBUG] debug-file - default@PackageHap work[6] is submitted.
[2026-05-31T11:01:24.255] [DEBUG] debug-file - default@PackageHap work[6] is pushed to ready queue.
[2026-05-31T11:01:24.255] [DEBUG] debug-file - A work dispatched to worker[11] failed because unable to get work from ready queue.
[2026-05-31T11:01:24.255] [DEBUG] debug-file - Create  resident worker with id: 10.
[2026-05-31T11:01:24.255] [DEBUG] debug-file - default@PackageHap work[6] has been dispatched to worker[10].
[2026-05-31T11:01:24.256] [DEBUG] debug-file - default@PackageHap work[6] is dispatched.
[2026-05-31T11:01:24.256] [DEBUG] debug-file - entry : default@PackageHap cost memory 0.9972152709960938
[2026-05-31T11:01:24.512] [DEBUG] debug-file - current process  memoryUsage: {
  rss: 687308800,
  heapTotal: 78413824,
  heapUsed: 59598344,
  external: 3258051,
  arrayBuffers: 1104597
} os memoryUsage :17.847671508789062
[2026-05-31T11:01:24.719] [DEBUG] debug-file - worker[10] has one work done.
[2026-05-31T11:01:24.719] [DEBUG] debug-file - default@PackageHap work[6] done.
[2026-05-31T11:01:24.719] [DEBUG] debug-file - A work dispatched to worker[10] failed because unable to get work from ready queue.
[2026-05-31T11:01:24.720] [INFO] debug-file - Finished :entry:default@PackageHap... after 211 ms 
[2026-05-31T11:01:24.720] [DEBUG] debug-file - Executing task :entry:default@PackingCheck
[2026-05-31T11:01:24.721] [DEBUG] debug-file - entry : default@PackingCheck cost memory 0.6163406372070312
[2026-05-31T11:01:24.722] [DEBUG] debug-file - runTaskFromQueue task cost before running: 956 ms 
[2026-05-31T11:01:24.722] [INFO] debug-file - Finished :entry:default@PackingCheck... after 2 ms 
[2026-05-31T11:01:24.722] [DEBUG] debug-file - Executing task :entry:default@SignHap
[2026-05-31T11:01:24.722] [DEBUG] debug-file - entry:default@SignHap is not up-to-date, since the input file '/Users/wangboyang/Documents/ai_interview_success/entry/build/default/outputs/default/entry-default-unsigned.hap' has been changed.
[2026-05-31T11:01:24.722] [DEBUG] debug-file - Incremental task entry:default@SignHap pre-execution cost: 1 ms .
[2026-05-31T11:01:24.741] [DEBUG] debug-file - java daemon socket received message:{"code":0,"message":"verify profile success"}
[2026-05-31T11:01:24.743] [DEBUG] debug-file - java daemon socket close code:1000 reason:close by user
[2026-05-31T11:01:24.792] [DEBUG] debug-file - java daemon socket received message:{"code":0,"message":"sign app success"}
[2026-05-31T11:01:24.792] [DEBUG] debug-file - entry : default@SignHap cost memory 0.71881103515625
[2026-05-31T11:01:24.793] [DEBUG] debug-file - runTaskFromQueue task cost before running: 1 s 27 ms 
[2026-05-31T11:01:24.793] [INFO] debug-file - Finished :entry:default@SignHap... after 71 ms 
[2026-05-31T11:01:24.793] [DEBUG] debug-file - Executing task :entry:default@CollectDebugSymbol
[2026-05-31T11:01:24.793] [DEBUG] debug-file - entry : default@CollectDebugSymbol cost memory 0.08327484130859375
[2026-05-31T11:01:24.793] [DEBUG] debug-file - runTaskFromQueue task cost before running: 1 s 28 ms 
[2026-05-31T11:01:24.793] [INFO] debug-file - Finished :entry:default@CollectDebugSymbol... after 1 ms 
[2026-05-31T11:01:24.794] [DEBUG] debug-file - Executing task :entry:assembleHap
[2026-05-31T11:01:24.794] [DEBUG] debug-file - entry : assembleHap cost memory 0.01270294189453125
[2026-05-31T11:01:24.794] [DEBUG] debug-file - runTaskFromQueue task cost before running: 1 s 28 ms 
[2026-05-31T11:01:24.794] [INFO] debug-file - Finished :entry:assembleHap... after 1 ms 
[2026-05-31T11:01:24.794] [INFO] debug-file - BUILD SUCCESSFUL in 1 s 29 ms 
[2026-05-31T11:01:24.794] [DEBUG] debug-file - There is no need to refresh cache, since the incremental task entry:default@PreBuild is up-to-date.
[2026-05-31T11:01:24.794] [DEBUG] debug-file - Update task entry:default@CreateModuleInfo output file:/Users/wangboyang/Documents/ai_interview_success/entry/build/default/generated/profile/default/ModuleInfo.ts cache.
[2026-05-31T11:01:24.794] [DEBUG] debug-file - Incremental task entry:default@CreateModuleInfo post-execution cost:1 ms .
[2026-05-31T11:01:24.794] [DEBUG] debug-file - There is no need to refresh cache, since the incremental task entry:default@GenerateMetadata is up-to-date.
[2026-05-31T11:01:24.794] [DEBUG] debug-file - There is no need to refresh cache, since the incremental task entry:default@MergeProfile is up-to-date.
[2026-05-31T11:01:24.794] [DEBUG] debug-file - There is no need to refresh cache, since the incremental task entry:default@CreateBuildProfile is up-to-date.
[2026-05-31T11:01:24.794] [DEBUG] debug-file - There is no need to refresh cache, since the incremental task entry:default@GeneratePkgContextInfo is up-to-date.
[2026-05-31T11:01:24.794] [DEBUG] debug-file - Update task entry:default@GeneratePkgSdkInfo output file:/Users/wangboyang/Documents/ai_interview_success/entry/build/default/intermediates/loader/default/pkgSdkInfo.json cache.
[2026-05-31T11:01:24.794] [DEBUG] debug-file - Incremental task entry:default@GeneratePkgSdkInfo post-execution cost:1 ms .
[2026-05-31T11:01:24.794] [DEBUG] debug-file - Update task entry:default@ProcessIntegratedHsp output file:/Users/wangboyang/Documents/ai_interview_success/build/cache/default/integrated_hsp/integratedHspCache.json cache.
[2026-05-31T11:01:24.794] [DEBUG] debug-file - Incremental task entry:default@ProcessIntegratedHsp post-execution cost:1 ms .
[2026-05-31T11:01:24.794] [DEBUG] debug-file - There is no need to refresh cache, since the incremental task entry:default@MakePackInfo is up-to-date.
[2026-05-31T11:01:24.794] [DEBUG] debug-file - Update task entry:default@SyscapTransform input file:/Applications/DevEco-Studio.app/Contents/sdk/default/openharmony/toolchains/syscap_tool cache by regenerate.
[2026-05-31T11:01:24.794] [DEBUG] debug-file - Update task entry:default@SyscapTransform input file:/Applications/DevEco-Studio.app/Contents/sdk/default/openharmony/ets/api/device-define cache by regenerate.
[2026-05-31T11:01:24.794] [DEBUG] debug-file - Update task entry:default@SyscapTransform output file:/Users/wangboyang/Documents/ai_interview_success/entry/build/default/intermediates/syscap/default/rpcid.sc cache.
[2026-05-31T11:01:24.794] [DEBUG] debug-file - Incremental task entry:default@SyscapTransform post-execution cost:1 ms .
[2026-05-31T11:01:24.794] [DEBUG] debug-file - There is no need to refresh cache, since the incremental task entry:default@ProcessProfile is up-to-date.
[2026-05-31T11:01:24.794] [DEBUG] debug-file - There is no need to refresh cache, since the incremental task entry:default@ProcessRouterMap is up-to-date.
[2026-05-31T11:01:24.794] [DEBUG] debug-file - There is no need to refresh cache, since the incremental task entry:default@ProcessShareConfig is up-to-date.
[2026-05-31T11:01:24.795] [DEBUG] debug-file - Update task entry:default@ProcessStartupConfig input file:/Users/wangboyang/Documents/ai_interview_success/entry/build/default/intermediates/loader/default/pkgContextInfo.json cache by regenerate.
[2026-05-31T11:01:24.795] [DEBUG] debug-file - Update task entry:default@ProcessStartupConfig output file:/Users/wangboyang/Documents/ai_interview_success/entry/build/default/intermediates/startup/default/startup_config.json cache.
[2026-05-31T11:01:24.795] [DEBUG] debug-file - Incremental task entry:default@ProcessStartupConfig post-execution cost:1 ms .
[2026-05-31T11:01:24.795] [DEBUG] debug-file - There is no need to refresh cache, since the incremental task entry:default@ProcessResource is up-to-date.
[2026-05-31T11:01:24.795] [DEBUG] debug-file - There is no need to refresh cache, since the incremental task entry:default@GenerateLoaderJson is up-to-date.
[2026-05-31T11:01:24.795] [DEBUG] debug-file - There is no need to refresh cache, since the incremental task entry:default@ProcessLibs is up-to-date.
[2026-05-31T11:01:24.795] [DEBUG] debug-file - There is no need to refresh cache, since the incremental task entry:default@CompileResource is up-to-date.
[2026-05-31T11:01:24.795] [DEBUG] debug-file - There is no need to refresh cache, since the incremental task entry:default@DoNativeStrip is up-to-date.
[2026-05-31T11:01:24.795] [DEBUG] debug-file - Update task entry:default@CompileArkTS input file:/Users/wangboyang/Documents/ai_interview_success/entry/build/default/intermediates/loader/default cache by regenerate.
[2026-05-31T11:01:24.795] [DEBUG] debug-file - Update task entry:default@CompileArkTS input file:/Users/wangboyang/Documents/ai_interview_success/oh_modules/.ohpm/@ohos+axios@2.2.10/oh_modules/@ohos/axios/index.js cache by regenerate.
[2026-05-31T11:01:24.795] [DEBUG] debug-file - Update task entry:default@CompileArkTS input file:/Users/wangboyang/Documents/ai_interview_success/oh_modules/.ohpm/@ohos+axios@2.2.10/oh_modules/@ohos/axios/src/main/ets cache by regenerate.
[2026-05-31T11:01:24.796] [DEBUG] debug-file - Update task entry:default@CompileArkTS input file:/Users/wangboyang/Documents/ai_interview_success/entry/build/default/intermediates/res/default/resources/rawfile cache by regenerate.
[2026-05-31T11:01:24.796] [DEBUG] debug-file - Update task entry:default@CompileArkTS input file:/Users/wangboyang/Documents/ai_interview_success/entry/build/default/intermediates/res/default/ResourceTable.txt cache by regenerate.
[2026-05-31T11:01:24.796] [DEBUG] debug-file - Update task entry:default@CompileArkTS input file:/Users/wangboyang/Documents/ai_interview_success/entry/build/default/intermediates/res/default/ark_module.json cache by regenerate.
[2026-05-31T11:01:24.796] [DEBUG] debug-file - Update task entry:default@CompileArkTS input file:/Users/wangboyang/Documents/ai_interview_success/entry/build/default/intermediates/res/default/resources/base/profile cache by regenerate.
[2026-05-31T11:01:24.796] [DEBUG] debug-file - Update task entry:default@CompileArkTS input file:/Users/wangboyang/Documents/ai_interview_success/entry/src/main/ets cache from map.
[2026-05-31T11:01:24.796] [DEBUG] debug-file - Update task entry:default@CompileArkTS input file:/Users/wangboyang/Documents/ai_interview_success/entry/build/default/intermediates/loader/default/pkgContextInfo.json cache by regenerate.
[2026-05-31T11:01:24.796] [DEBUG] debug-file - Update task entry:default@CompileArkTS input file:/Users/wangboyang/Documents/ai_interview_success/entry/build/default/generated/profile/default/BuildProfile.ets cache by regenerate.
[2026-05-31T11:01:24.796] [DEBUG] debug-file - Update task entry:default@CompileArkTS input file:/Users/wangboyang/Documents/ai_interview_success/entry/src/mock/mock-config.json5 cache by regenerate.
[2026-05-31T11:01:24.796] [DEBUG] debug-file - Update task entry:default@CompileArkTS output file:/Users/wangboyang/Documents/ai_interview_success/entry/build/default/intermediates/loader_out/default/ets cache.
[2026-05-31T11:01:24.796] [DEBUG] debug-file - Incremental task entry:default@CompileArkTS post-execution cost:2 ms .
[2026-05-31T11:01:24.797] [DEBUG] debug-file - Update task entry:default@BuildJS input file:/Users/wangboyang/Documents/ai_interview_success/entry/build/default/intermediates/loader/default cache by regenerate.
[2026-05-31T11:01:24.797] [DEBUG] debug-file - Update task entry:default@BuildJS input file:/Users/wangboyang/Documents/ai_interview_success/oh_modules/.ohpm/@ohos+axios@2.2.10/oh_modules/@ohos/axios/index.js cache by regenerate.
[2026-05-31T11:01:24.797] [DEBUG] debug-file - Update task entry:default@BuildJS input file:/Users/wangboyang/Documents/ai_interview_success/entry/build/default/intermediates/res/default/resources/rawfile cache by regenerate.
[2026-05-31T11:01:24.797] [DEBUG] debug-file - Update task entry:default@BuildJS input file:/Users/wangboyang/Documents/ai_interview_success/entry/build/default/intermediates/res/default/ResourceTable.txt cache by regenerate.
[2026-05-31T11:01:24.797] [DEBUG] debug-file - Update task entry:default@BuildJS input file:/Users/wangboyang/Documents/ai_interview_success/entry/build/default/intermediates/res/default/ark_module.json cache by regenerate.
[2026-05-31T11:01:24.797] [DEBUG] debug-file - Update task entry:default@BuildJS input file:/Users/wangboyang/Documents/ai_interview_success/entry/build/default/intermediates/res/default/resources/base/profile cache by regenerate.
[2026-05-31T11:01:24.797] [DEBUG] debug-file - Update task entry:default@BuildJS input file:/Users/wangboyang/Documents/ai_interview_success/entry/build/default/intermediates/loader/default/pkgContextInfo.json cache by regenerate.
[2026-05-31T11:01:24.797] [DEBUG] debug-file - Update task entry:default@BuildJS output file:/Users/wangboyang/Documents/ai_interview_success/entry/build/default/intermediates/loader_out/default/js cache.
[2026-05-31T11:01:24.797] [DEBUG] debug-file - Incremental task entry:default@BuildJS post-execution cost:1 ms .
[2026-05-31T11:01:24.797] [DEBUG] debug-file - There is no need to refresh cache, since the incremental task entry:default@CacheNativeLibs is up-to-date.
[2026-05-31T11:01:24.797] [DEBUG] debug-file - There is no need to refresh cache, since the incremental task entry:default@GeneratePkgModuleJson is up-to-date.
[2026-05-31T11:01:24.797] [DEBUG] debug-file - Incremental task entry:default@ProcessCompiledResources post-execution cost:1 ms .
[2026-05-31T11:01:24.797] [DEBUG] debug-file - Update task entry:default@PackageHap input file:/Users/wangboyang/Documents/ai_interview_success/entry/build/default/intermediates/stripped_native_libs/default cache by regenerate.
[2026-05-31T11:01:24.797] [DEBUG] debug-file - Update task entry:default@PackageHap input file:/Users/wangboyang/Documents/ai_interview_success/entry/build/default/intermediates/res/default/module.json cache by regenerate.
[2026-05-31T11:01:24.797] [DEBUG] debug-file - Update task entry:default@PackageHap input file:/Users/wangboyang/Documents/ai_interview_success/entry/build/default/intermediates/res/default/resources cache by regenerate.
[2026-05-31T11:01:24.798] [DEBUG] debug-file - Update task entry:default@PackageHap input file:/Users/wangboyang/Documents/ai_interview_success/entry/build/default/intermediates/res/default/resources.index cache by regenerate.
[2026-05-31T11:01:24.798] [DEBUG] debug-file - Update task entry:default@PackageHap input file:/Users/wangboyang/Documents/ai_interview_success/entry/build/default/outputs/default/pack.info cache by regenerate.
[2026-05-31T11:01:24.798] [DEBUG] debug-file - Update task entry:default@PackageHap input file:/Users/wangboyang/Documents/ai_interview_success/entry/build/default/intermediates/loader_out/default/ets cache from map.
[2026-05-31T11:01:24.798] [DEBUG] debug-file - Update task entry:default@PackageHap input file:/Users/wangboyang/Documents/ai_interview_success/entry/build/default/intermediates/loader/default/pkgContextInfo.json cache by regenerate.
[2026-05-31T11:01:24.799] [DEBUG] debug-file - Update task entry:default@PackageHap input file:/Users/wangboyang/Documents/ai_interview_success/entry/build/default/intermediates/loader_out/default/ets/sourceMaps.map cache by regenerate.
[2026-05-31T11:01:24.799] [DEBUG] debug-file - Update task entry:default@PackageHap input file:/Users/wangboyang/Documents/ai_interview_success/entry/build/default/generated/profile/default/BuildProfile.ets cache by regenerate.
[2026-05-31T11:01:24.799] [DEBUG] debug-file - Update task entry:default@PackageHap output file:/Users/wangboyang/Documents/ai_interview_success/entry/build/default/outputs/default/entry-default-unsigned.hap cache.
[2026-05-31T11:01:24.799] [DEBUG] debug-file - Update task entry:default@PackageHap output file:/Users/wangboyang/Documents/ai_interview_success/entry/build/default/intermediates/source_map/default/sourceMaps.map cache.
[2026-05-31T11:01:24.799] [DEBUG] debug-file - Update task entry:default@PackageHap output file:/Users/wangboyang/Documents/ai_interview_success/entry/build/default/outputs/default/mapping/sourceMaps.map cache.
[2026-05-31T11:01:24.799] [DEBUG] debug-file - Incremental task entry:default@PackageHap post-execution cost:2 ms .
[2026-05-31T11:01:24.799] [DEBUG] debug-file - Update task entry:default@SignHap input file:/Users/wangboyang/.ohos/config/default_ai_interview_success_YG4vTAwn3k7O9CsnB4bX6GP6MNFhnV2Uab5KHLSiLcY=.cer cache by regenerate.
[2026-05-31T11:01:24.799] [DEBUG] debug-file - Update task entry:default@SignHap input file:/Users/wangboyang/.ohos/config/default_ai_interview_success_YG4vTAwn3k7O9CsnB4bX6GP6MNFhnV2Uab5KHLSiLcY=.p7b cache by regenerate.
[2026-05-31T11:01:24.799] [DEBUG] debug-file - Update task entry:default@SignHap input file:/Users/wangboyang/.ohos/config/default_ai_interview_success_YG4vTAwn3k7O9CsnB4bX6GP6MNFhnV2Uab5KHLSiLcY=.p12 cache by regenerate.
[2026-05-31T11:01:24.799] [DEBUG] debug-file - Update task entry:default@SignHap input file:/Users/wangboyang/Documents/ai_interview_success/entry/build/default/outputs/default/entry-default-unsigned.hap cache from map.
[2026-05-31T11:01:24.799] [DEBUG] debug-file - Update task entry:default@SignHap output file:/Users/wangboyang/Documents/ai_interview_success/entry/build/default/outputs/default/entry-default-signed.hap cache.
[2026-05-31T11:01:24.799] [DEBUG] debug-file - Incremental task entry:default@SignHap post-execution cost:1 ms .
[2026-05-31T11:01:24.799] [DEBUG] debug-file - Update task entry:default@CollectDebugSymbol input file:/Users/wangboyang/Documents/ai_interview_success/entry/build/default/intermediates/loader_out/default/ets/sourceMaps.map cache by regenerate.
[2026-05-31T11:01:24.799] [DEBUG] debug-file - Update task entry:default@CollectDebugSymbol input file:/Users/wangboyang/Documents/ai_interview_success/entry/build/default/intermediates/libs/default cache by regenerate.
[2026-05-31T11:01:24.799] [DEBUG] debug-file - Update task entry:default@CollectDebugSymbol output file:/Users/wangboyang/Documents/ai_interview_success/entry/build/default/outputs/default/symbol cache.
[2026-05-31T11:01:24.799] [DEBUG] debug-file - Incremental task entry:default@CollectDebugSymbol post-execution cost:1 ms .
[2026-05-31T11:01:24.804] [DEBUG] debug-file - Cleanup worker 10.
[2026-05-31T11:01:24.804] [DEBUG] debug-file - Worker 10 has been cleaned up.
[2026-05-31T11:01:24.804] [DEBUG] debug-file - Current idle worker size: 1.
[2026-05-31T11:01:24.804] [DEBUG] debug-file - Current resident worker size: 2.
[2026-05-31T11:01:24.804] [DEBUG] debug-file - hvigor build process will be closed.
[2026-05-31T11:01:24.805] [DEBUG] debug-file - java daemon socket close code:1000 reason:close by user
[2026-05-31T11:01:24.806] [DEBUG] debug-file - session manager: send message to worker process.
[2026-05-31T11:01:24.807] [DEBUG] debug-file - session manager: send message to worker process.
[2026-05-31T11:01:24.807] [DEBUG] debug-file - watch worker: worker id should be larger than 0. Nothing will be sent to any worker thread.
[2026-05-31T11:01:24.807] [DEBUG] debug-file - watch worker: worker id should be larger than 0. Nothing will be sent to any worker thread.
[2026-05-31T11:01:24.808] [DEBUG] debug-file - worker[10] exits with exit code 1.
[2026-05-31T18:21:17.508] [DEBUG] debug-file - session manager: set active socket. socketId=3pcB10f9rJMwNoiCAAAH
[2026-05-31T18:21:17.509] [DEBUG] debug-file - watch worker: worker id should be larger than 0. Nothing will be sent to any worker thread.
[2026-05-31T18:21:17.510] [DEBUG] debug-file - Workers' log level updated to INFO
[2026-05-31T18:21:17.513] [DEBUG] debug-file - hvigor build process will be closed with an error.
[2026-05-31T18:21:17.522] [ERROR] debug-file - [31m00303011 Configuration Error
Error Message: No modules found. At file: /Users/wangboyang/Documents/ai_interview_success/build-profile.json5

* Try the following:
  > Please check root project build-profile.json5
[39m

[31m* Try:
> Run with --stacktrace option to get the stack trace.
> Run with --debug option to get more log output.

[2026-05-31T18:21:17.522] [DEBUG] debug-file - ERROR: stacktrace = AdaptorError: [31m00303011 Configuration Error
Error Message: No modules found. At file: /Users/wangboyang/Documents/ai_interview_success/build-profile.json5

* Try the following:
  > Please check root project build-profile.json5
[39m
    at HvigorLogger.printErrorExit (/Applications/DevEco-Studio.app/Contents/tools/hvigor/hvigor/src/base/log/hvigor-log.js:1:5087)
    at checkProjectConfigFile (/Applications/DevEco-Studio.app/Contents/tools/hvigor/hvigor/src/base/external/core/hvigor-config.js:1:3884)
    at new HvigorConfig (/Applications/DevEco-Studio.app/Contents/tools/hvigor/hvigor/src/base/external/core/hvigor-config.js:1:1421)
    at hvigorConfigInit (/Applications/DevEco-Studio.app/Contents/tools/hvigor/hvigor/src/base/external/core/hvigor-config.js:1:4092)
    at init (/Applications/DevEco-Studio.app/Contents/tools/hvigor/hvigor/src/base/internal/lifecycle/init.js:1:2867)
    at start (/Applications/DevEco-Studio.app/Contents/tools/hvigor/hvigor/src/base/boot/index.js:1:2620)
    at boot (/Applications/DevEco-Studio.app/Contents/tools/hvigor/hvigor/src/base/boot/index.js:1:1920)
    at Worker.<anonymous> (/Applications/DevEco-Studio.app/Contents/tools/hvigor/hvigor/src/base/daemon/cluster/worker-process-lifecycle.js:1:4087)
    at Worker.emit (node:events:529:35)
    at process.<anonymous> (node:internal/cluster/worker:35:12)
[2026-05-31T18:21:17.522] [ERROR] debug-file - AdaptorError: [31m00303011 Configuration Error
Error Message: No modules found. At file: /Users/wangboyang/Documents/ai_interview_success/build-profile.json5

* Try the following:
  > Please check root project build-profile.json5
[39m
    at HvigorLogger.printErrorExit (/Applications/DevEco-Studio.app/Contents/tools/hvigor/hvigor/src/base/log/hvigor-log.js:1:5087)
    at checkProjectConfigFile (/Applications/DevEco-Studio.app/Contents/tools/hvigor/hvigor/src/base/external/core/hvigor-config.js:1:3884)
    at new HvigorConfig (/Applications/DevEco-Studio.app/Contents/tools/hvigor/hvigor/src/base/external/core/hvigor-config.js:1:1421)
    at hvigorConfigInit (/Applications/DevEco-Studio.app/Contents/tools/hvigor/hvigor/src/base/external/core/hvigor-config.js:1:4092)
    at init (/Applications/DevEco-Studio.app/Contents/tools/hvigor/hvigor/src/base/internal/lifecycle/init.js:1:2867)
    at start (/Applications/DevEco-Studio.app/Contents/tools/hvigor/hvigor/src/base/boot/index.js:1:2620)
    at boot (/Applications/DevEco-Studio.app/Contents/tools/hvigor/hvigor/src/base/boot/index.js:1:1920)
    at Worker.<anonymous> (/Applications/DevEco-Studio.app/Contents/tools/hvigor/hvigor/src/base/daemon/cluster/worker-process-lifecycle.js:1:4087)
    at Worker.emit (node:events:529:35)
    at process.<anonymous> (node:internal/cluster/worker:35:12)
[2026-05-31T18:21:17.522] [ERROR] debug-file - BUILD FAILED in 12 ms 
[2026-05-31T18:21:17.523] [DEBUG] debug-file - There's no busy workers and idle workers need cleanup.
[2026-05-31T18:21:17.524] [DEBUG] debug-file - hvigor build process will be closed.
[2026-05-31T18:21:17.525] [DEBUG] debug-file - session manager: send message to worker process.
[2026-05-31T18:21:17.525] [DEBUG] debug-file - session manager: send message to worker process.
[2026-05-31T18:21:17.525] [DEBUG] debug-file - watch worker: worker id should be larger than 0. Nothing will be sent to any worker thread.
[2026-05-31T18:21:17.525] [DEBUG] debug-file - watch worker: worker id should be larger than 0. Nothing will be sent to any worker thread.
[2026-05-31T18:21:42.965] [DEBUG] debug-file - session manager: set active socket. socketId=kj7RpoSB6VpA4V6RAAAJ
[2026-05-31T18:21:42.966] [DEBUG] debug-file - watch worker: worker id should be larger than 0. Nothing will be sent to any worker thread.
[2026-05-31T18:21:42.967] [DEBUG] debug-file - Workers' log level updated to INFO
[2026-05-31T18:21:42.968] [DEBUG] debug-file - Hvigor init with startParameters:{
  hvigorfileTypeCheck: false,
  parallelExecution: true,
  incrementalExecution: true,
  printStackTrace: false,
  daemon: true,
  analyze: 0,
  logLevel: Level { level: 20000, levelStr: 'INFO', colour: 'green' },
  optimizationStrategy: 'memory',
  hotCompile: undefined,
  hotReloadBuild: undefined,
  customizedParam: undefined
}
[2026-05-31T18:21:42.971] [DEBUG] debug-file - Cache service initialization finished in 3 ms 
[2026-05-31T18:21:42.971] [DEBUG] debug-file - hvigorfile, resolving /Users/wangboyang/Documents/ai_interview_success/hvigorfile.ts
[2026-05-31T18:21:42.974] [DEBUG] debug-file - hvigorfile, require result:  { default: { plugins: [] } }
[2026-05-31T18:21:42.974] [DEBUG] debug-file - hvigorfile, binding system plugins null
[2026-05-31T18:21:42.974] [DEBUG] debug-file - Starting plugin build process
[2026-05-31T18:21:42.974] [DEBUG] debug-file - App plugin prepare start...
[2026-05-31T18:21:42.974] [DEBUG] debug-file - App plugin prepare end...
[2026-05-31T18:21:42.974] [DEBUG] debug-file - App plugin creating...
[2026-05-31T18:21:43.064] [DEBUG] debug-file - App plugin register hook start...
[2026-05-31T18:21:43.064] [DEBUG] debug-file - App plugin register hook end...
[2026-05-31T18:21:43.064] [DEBUG] debug-file - Plugin build process completed
[2026-05-31T18:21:43.064] [DEBUG] debug-file - Start initialize project's product build option map with build mode debug.
[2026-05-31T18:21:43.064] [DEBUG] debug-file - Picking option from product 'default' with build mode 'debug'.
[2026-05-31T18:21:43.064] [DEBUG] debug-file - Product 'default' build option initialized
[2026-05-31T18:21:43.064] [DEBUG] debug-file - End initialize project's product build option map with build mode 'debug'.
[2026-05-31T18:21:43.064] [DEBUG] debug-file - Obtain build option for product 'default'in this build.
[2026-05-31T18:21:43.066] [DEBUG] debug-file - /Users/wangboyang/Documents/ai_interview_success/build/cache/default/remote_hsp/remoteHspCache.json not exists.
[2026-05-31T18:21:43.067] [DEBUG] debug-file - Start recording SDK configuration permission data.
[2026-05-31T18:21:43.080] [DEBUG] debug-file - Sdk init in 14 ms 
[2026-05-31T18:21:43.081] [DEBUG] debug-file - Project task initialization takes 1 ms 
[2026-05-31T18:21:43.082] [DEBUG] debug-file - hvigorfile, begin to bind custom plugins...
[2026-05-31T18:21:43.082] [DEBUG] debug-file - hvigorfile, no custom plugins were found in /Users/wangboyang/Documents/ai_interview_success/hvigorfile.ts
[2026-05-31T18:21:43.082] [DEBUG] debug-file - hvigorfile, resolve finished /Users/wangboyang/Documents/ai_interview_success/hvigorfile.ts
[2026-05-31T18:21:43.082] [DEBUG] debug-file - hvigorfile, resolving /Users/wangboyang/Documents/ai_interview_success/phone/hvigorfile.ts
[2026-05-31T18:21:43.084] [DEBUG] debug-file - hvigorfile, require result:  { default: { plugins: [] } }
[2026-05-31T18:21:43.084] [DEBUG] debug-file - hvigorfile, binding system plugins null
[2026-05-31T18:21:43.084] [DEBUG] debug-file - Starting plugin build process
[2026-05-31T18:21:43.084] [DEBUG] debug-file - Hap plugin creating...
[2026-05-31T18:21:43.084] [DEBUG] debug-file - failed to load cangjie to dynamically generate schemas: Error: Cannot find module '@ohos/cangjie-build-support/index'
Require stack:
- /Applications/DevEco-Studio.app/Contents/tools/hvigor/hvigor-ohos-plugin/src/plugin/hooks/cangjie-register.js
- /Applications/DevEco-Studio.app/Contents/tools/hvigor/hvigor-ohos-plugin/src/plugin/strategy/stage-init-strategy.js
- /Applications/DevEco-Studio.app/Contents/tools/hvigor/hvigor-ohos-plugin/src/plugin/builder/abstract-plugin-builder.js
- /Applications/DevEco-Studio.app/Contents/tools/hvigor/hvigor-ohos-plugin/src/plugin/builder/app-plugin-builder.js
- /Applications/DevEco-Studio.app/Contents/tools/hvigor/hvigor-ohos-plugin/src/plugin/factory/plugin-factory.js
- /Applications/DevEco-Studio.app/Contents/tools/hvigor/hvigor-ohos-plugin/index.js
- /Users/wangboyang/Documents/ai_interview_success/hvigorfile.ts
- /Applications/DevEco-Studio.app/Contents/tools/hvigor/hvigor/src/base/internal/lifecycle/configuration.js
- /Applications/DevEco-Studio.app/Contents/tools/hvigor/hvigor/src/base/boot/index.js
- /Applications/DevEco-Studio.app/Contents/tools/hvigor/hvigor/src/base/daemon/cluster/worker-process-lifecycle.js
- /Applications/DevEco-Studio.app/Contents/tools/hvigor/hvigor/src/base/daemon/process/daemon-process-boot-script.js
[2026-05-31T18:21:43.087] [DEBUG] debug-file - Start initialize module-target build option map, moduleName=phone, buildMode=debug
[2026-05-31T18:21:43.087] [DEBUG] debug-file - Target 'default' config initialized
[2026-05-31T18:21:43.087] [DEBUG] debug-file - Target 'ohosTest' config initialized
[2026-05-31T18:21:43.087] [DEBUG] debug-file - Module 'phone' target 'default' build option initialized
[2026-05-31T18:21:43.087] [DEBUG] debug-file - Module 'phone' target 'ohosTest' build option initialized
[2026-05-31T18:21:43.087] [DEBUG] debug-file - End initialize module-target build option map, moduleName=phone
[2026-05-31T18:21:43.088] [DEBUG] debug-file - Start initialize module-target build option map, moduleName=phone, buildMode=release
[2026-05-31T18:21:43.088] [DEBUG] debug-file - Target 'default' config initialized
[2026-05-31T18:21:43.088] [DEBUG] debug-file - Target 'ohosTest' config initialized
[2026-05-31T18:21:43.088] [DEBUG] debug-file - Module 'phone' target 'default' build option initialized
[2026-05-31T18:21:43.088] [DEBUG] debug-file - Module 'phone' target 'ohosTest' build option initialized
[2026-05-31T18:21:43.088] [DEBUG] debug-file - End initialize module-target build option map, moduleName=phone
[2026-05-31T18:21:43.088] [DEBUG] debug-file - Start initialize module-target build option map, moduleName=phone, buildMode=debug
[2026-05-31T18:21:43.088] [DEBUG] debug-file - Target 'default' config initialized
[2026-05-31T18:21:43.088] [DEBUG] debug-file - Target 'ohosTest' config initialized
[2026-05-31T18:21:43.088] [DEBUG] debug-file - Module 'phone' target 'default' build option initialized
[2026-05-31T18:21:43.088] [DEBUG] debug-file - Module 'phone' target 'ohosTest' build option initialized
[2026-05-31T18:21:43.088] [DEBUG] debug-file - End initialize module-target build option map, moduleName=phone
[2026-05-31T18:21:43.088] [DEBUG] debug-file - Obtain build option for module 'phone' target 'default'in this build.
[2026-05-31T18:21:43.088] [DEBUG] debug-file - Module phone task initialization takes 1 ms 
[2026-05-31T18:21:43.088] [DEBUG] debug-file - Hap plugin register hook start...
[2026-05-31T18:21:43.089] [DEBUG] debug-file - Hap plugin register hook end...
[2026-05-31T18:21:43.089] [DEBUG] debug-file - Plugin build process completed
[2026-05-31T18:21:43.089] [DEBUG] debug-file - hvigorfile, begin to bind custom plugins...
[2026-05-31T18:21:43.089] [DEBUG] debug-file - hvigorfile, no custom plugins were found in /Users/wangboyang/Documents/ai_interview_success/phone/hvigorfile.ts
[2026-05-31T18:21:43.089] [DEBUG] debug-file - hvigorfile, resolve finished /Users/wangboyang/Documents/ai_interview_success/phone/hvigorfile.ts
[2026-05-31T18:21:43.132] [DEBUG] debug-file - hvigorfile, resolve hvigorfile dependencies in 44 ms 
[2026-05-31T18:21:43.132] [DEBUG] debug-file - project has submodules:phone
[2026-05-31T18:21:43.132] [DEBUG] debug-file - start to load updatedOhPackageInfo to the disk
[2026-05-31T18:21:43.133] [DEBUG] debug-file - Removed redundant module directory: /Users/wangboyang/Documents/ai_interview_success/.hvigor/dependencyMap/entry
[2026-05-31T18:21:43.134] [DEBUG] debug-file - load to the disk finished
[2026-05-31T18:21:43.134] [DEBUG] debug-file - Start to initialize dependency information.
[2026-05-31T18:21:43.135] [DEBUG] debug-file - Module ai_interview_success Collected Dependency: /Users/wangboyang/Documents/ai_interview_success/oh_modules/.ohpm/@ohos+axios@2.2.10/oh_modules/@ohos/axios
[2026-05-31T18:21:43.135] [DEBUG] debug-file - Module ai_interview_success's total dependency: 1
[2026-05-31T18:21:43.135] [DEBUG] debug-file - Start to initialize dependency information.
[2026-05-31T18:21:43.136] [DEBUG] debug-file - Module phone Collected Dependency: /Users/wangboyang/Documents/ai_interview_success/oh_modules/.ohpm/@ohos+axios@2.2.10/oh_modules/@ohos/axios
[2026-05-31T18:21:43.136] [DEBUG] debug-file - Module phone's total dependency: 1
[2026-05-31T18:21:43.136] [DEBUG] debug-file - Configuration phase cost:165 ms 
[2026-05-31T18:21:43.136] [DEBUG] debug-file - Configuration task cost before running: 170 ms 
[2026-05-31T18:21:43.136] [DEBUG] debug-file - Executing task :phone:init
[2026-05-31T18:21:43.136] [DEBUG] debug-file - phone : init cost memory 0.01584625244140625
[2026-05-31T18:21:43.136] [DEBUG] debug-file - runTaskFromQueue task cost before running: 170 ms 
[2026-05-31T18:21:43.137] [INFO] debug-file - Finished :phone:init... after 1 ms 
[2026-05-31T18:21:43.137] [DEBUG] debug-file - Executing task ::init
[2026-05-31T18:21:43.137] [DEBUG] debug-file - ai_interview_success : init cost memory 0.012847900390625
[2026-05-31T18:21:43.137] [DEBUG] debug-file - runTaskFromQueue task cost before running: 170 ms 
[2026-05-31T18:21:43.137] [INFO] debug-file - Finished ::init... after 1 ms 
[2026-05-31T18:21:43.137] [DEBUG] debug-file - Obtain build option for module 'phone' target 'default'in this build.
[2026-05-31T18:21:43.137] [DEBUG] debug-file - Obtain build option for module 'phone' target 'ohosTest'in this build.
[2026-05-31T18:21:43.138] [DEBUG] debug-file - There's no busy workers and idle workers need cleanup.
[2026-05-31T18:21:43.138] [DEBUG] debug-file - hvigor build process will be closed.
[2026-05-31T18:21:43.156] [DEBUG] debug-file - session manager: send message to worker process.
[2026-05-31T18:21:43.156] [DEBUG] debug-file - session manager: send message to worker process.
[2026-05-31T18:21:43.157] [DEBUG] debug-file - watch worker: worker id should be larger than 0. Nothing will be sent to any worker thread.
[2026-05-31T18:21:43.157] [DEBUG] debug-file - watch worker: worker id should be larger than 0. Nothing will be sent to any worker thread.
